xx 2000R06 IAU Theory of Nutation (1320 term) (Sorted for largest A terms, then for largest F terms)
xx  a1  a2  a3  a4  a5  a6  a7  a8  a9 a10 a11 a12 a13            A         B          C       D        E          F         G         H     #  all are 1e-06"
  0   0   0   0   1   0   0   0   0   0   0   0   0   0 -17206424.18 -17418.82  9205233.1  883.03   3338.6     1537.7      2.89       0.2     1
  0   0   2  -2   2   0   0   0   0   0   0   0   0   0  -1317091.22   -163.84   573033.6 -303.09  -1369.6     -458.7       1.2      -0.3     2
  0   0   2   0   2   0   0   0   0   0   0   0   0   0   -227641.81    -22.77    97846.1  -48.77    279.6      137.4       0.2      -0.1     3
  0   0   0   0   2   0   0   0   0   0   0   0   0   0     207455.4     20.12   -89749.2   47.25    -69.8      -29.1       0.0       0.0     4
  0   1   0   0   0   0   0   0   0   0   0   0   0   0     147587.7   -363.71     7387.1   -18.4   1181.7     -192.4      -1.5       0.5     5
  1   0   0   0   0   0   0   0   0   0   0   0   0   0      71115.9       7.1     -675.0       0    -87.2       35.8       0.0         0     6
  0   1   2  -2   2   0   0   0   0   0   0   0   0   0     -51682.1    122.74    22438.6   -67.7    -52.4      -17.4       0.2       0.0     7
  0   0   2   0   1   0   0   0   0   0   0   0   0   0     -38730.2    -36.59    20073.0     1.8     38.0       31.8       0.1       0.0     8
  1   0   2   0   2   0   0   0   0   0   0   0   0   0     -30146.4     -3.52    12902.6    -6.3     81.6       36.7       0.0       0.0     9
  0   1  -2   2  -2   0   0   0   0   0   0   0   0   0     -21582.9     49.46    -9592.9    29.9     11.1      -13.2       0.0       0.1    10
  1   0   0  -2   0   0   0   0   0   0   0   0   0   0     -15699.8     -0.96     -123.5       0    -16.8       -8.2       0.0         0    11
  0   0   2  -2   1   0   0   0   0   0   0   0   0   0      12822.7     13.66    -6898.2    -0.9     18.1        3.9       0.0       0.0    12
  1   0  -2   0  -2   0   0   0   0   0   0   0   0   0     -12345.7     -1.07    -5331.1     3.2      1.9        0.4       0.0       0.0    13
  0   0   0   2   0   0   0   0   0   0   0   0   0   0       6337.9      1.08     -122.0       0    -15.0        2.9       0.0         0    14
  1   0   0   0   1   0   0   0   0   0   0   0   0   0       6311.0      6.28    -3322.8       0      2.7       -0.9       0.0         0    15
  1   0  -2  -2  -2   0   0   0   0   0   0   0   0   0       5964.5      1.08     2554.5    -1.1     14.9       -6.6       0.0       0.0    16
  1   0   0   0  -1   0   0   0   0   0   0   0   0   0       5797.6      6.28     3142.9       0    -18.9        7.5       0.0         0    17
  1   0   2   0   1   0   0   0   0   0   0   0   0   0      -5161.3     -4.19     2636.6       0     12.9        7.8       0.0         0    18
  2   0   0  -2   0   0   0   0   0   0   0   0   0   0       4772.2     -0.01       47.7       0     -1.8        2.5       0.0         0    19
  2   0  -2   0  -1   0   0   0   0   0   0   0   0   0      -4589.3     -4.99    -2423.6    -1.0      3.1       -2.0       0.0       0.0    20
  0   0   2   2   2   0   0   0   0   0   0   0   0   0      -3856.6     -0.09     1645.0    -1.1     15.8        6.8       0.0       0.0    21
  0   2  -2   2  -2   0   0   0   0   0   0   0   0   0      -3248.1         0    -1387.0       0      0.0        0.0         0         0    22
  2   0   2   0   2   0   0   0   0   0   0   0   0   0      -3104.6     -0.09     1323.8    -1.1     13.1        5.9       0.0       0.0    23
  2   0   0   0   0   0   0   0   0   0   0   0   0   0       2924.3         0      -60.9       0     -7.4        1.3         0         0    24
  1   0   2  -2   2   0   0   0   0   0   0   0   0   0       2859.3         0    -1233.8     1.0     -0.1       -0.3         0       0.0    25
  0   0   2   0   0   0   0   0   0   0   0   0   0   0       2588.7         0      -55.0       0     -6.6        1.1         0         0    26
  0   0   2  -2   0   0   0   0   0   0   0   0   0   0      -2178.3         0      -16.7       0      1.3       -1.3         0         0    27
  1   0  -2   0  -1   0   0   0   0   0   0   0   0   0      -2044.1     -2.09    -1075.8       0      1.0        0.3       0.0         0    28
  0   2   0   0   0   0   0   0   0   0   0   0   0   0       1670.7      -8.5       16.8    -0.1     -1.0        1.0       0.0       0.0    29
  0   2   2  -2   2   0   0   0   0   0   0   0   0   0      -1579.4       7.2      685.0    -4.2     -1.6       -0.5       0.0       0.0    30
  1   0   0  -2  -1   0   0   0   0   0   0   0   0   0      -1516.4      -1.0     -800.1       0      1.1        0.1       0.0         0    31
  0   1   0   0   1   0   0   0   0   0   0   0   0   0      -1405.3      -2.5      855.1    -0.2      7.9       -4.5       0.0       0.0    32
  1   0   0  -2   1   0   0   0   0   0   0   0   0   0      -1287.3      -1.0      695.3       0     -3.7       -1.4       0.0         0    33
  0   1   0   0  -1   0   0   0   0   0   0   0   0   0       1265.4      -1.1      641.5       0      6.3       -2.6       0.0         0    34
  2   0  -2   0   0   0   0   0   0   0   0   0   0   0       1102.4         0       10.4       0     -1.4       -0.2         0         0    35
  1   0  -2  -2  -1   0   0   0   0   0   0   0   0   0       1020.4         0      522.2       0      2.5       -1.5         0         0    36
  1   0   2   2   2   0   0   0   0   0   0   0   0   0       -768.7         0      326.6       0      4.4        1.9         0         0    37
  0   1   2   0   2   0   0   0   0   0   0   0   0   0        756.6      -2.1     -325.0       0     -1.1       -0.5       0.0         0    38
  1   1   0  -2   0   0   0   0   0   0   0   0   0   0       -735.0         0       -5.1       0     -0.8       -0.4         0         0    39
  0   1  -2   0  -2   0   0   0   0   0   0   0   0   0        714.1      -2.1      307.0       0      0.8       -0.4       0.0         0    40
  0   0   2   2   1   0   0   0   0   0   0   0   0   0       -663.7      -1.1      335.3       0      2.5        1.4       0.0         0    41
  1   0   0   2   0   0   0   0   0   0   0   0   0   0        657.5         0      -19.9       0     -2.4        0.2         0         0    42
  2   0   2  -2   2   0   0   0   0   0   0   0   0   0        644.3         0     -276.8       0     -0.7       -0.4         0         0    43
  0   0   0   2   1   0   0   0   0   0   0   0   0   0       -630.2      -1.1      327.2       0      0.2        0.4       0.0         0    44
  1   0   2  -2   1   0   0   0   0   0   0   0   0   0        580.0       1.0     -304.5       0      0.2       -0.1       0.0         0    45
  2   0   0  -2  -1   0   0   0   0   0   0   0   0   0        577.4       1.1      304.1       0     -1.5        0.5       0.0         0    46
  2   0   2   0   1   0   0   0   0   0   0   0   0   0       -535.0         0      269.5       0      2.1        1.2         0         0    47
  0   0   0   2  -1   0   0   0   0   0   0   0   0   0        494.0       1.1      272.0       0     -2.1        0.9       0.0         0    48
  0   1  -2   2  -1   0   0   0   0   0   0   0   0   0        475.2       1.1      271.9       0     -0.3        0.3       0.0         0    49
  1  -1   0   0   0   0   0   0   0   0   0   0   0   0        472.5         0       -4.1       0     -0.6        0.3         0         0    50
  0   1   0  -2   0   0   0   0   0   0   0   0   0   0       -434.8         0       -8.1       0     -1.0       -0.2         0         0    51
  0   0   0   1   0   0   0   0   0   0   0   0   0   0       -423.0         0       -2.0       0      0.5       -0.2         0         0    52
  2   0   0  -2   1   0   0   0   0   0   0   0   0   0        406.5         0     -220.6       0      0.6        0.1         0         0    53
  1   0  -2   0   0   0   0   0   0   0   0   0   0   0        405.6         0        4.0       0      0.5        0.2         0         0    54
  1   0   0  -1   0   0   0   0   0   0   0   0   0   0       -402.6         0      -55.3       0    -35.3       13.9         0         0    55
  0   1   2  -2   1   0   0   0   0   0   0   0   0   0        357.9         0     -190.0       0      0.5        0.1         0         0    56
  1   1   0   0   0   0   0   0   0   0   0   0   0   0       -338.9         0        3.5       0      0.5       -0.2         0         0    57
  1   0   2   0   0   0   0   0   0   0   0   0   0   0        333.9         0      -10.7       0     -1.3        0.1         0         0    58
  1  -1   0  -1   0   0   0   0   0   0   0   0   0   0       -327.6         0       -0.9       0      0.1        0.0         0         0    59
  0   0   1  -1   1   0   0  -1   0  -2   5   0   0   0       -308.4         0      164.7       0    512.3      273.5         0         0    60
  2   0  -2   0  -2   0   0   0   0   0   0   0   0   0        307.1         0      131.1       0     -0.2        0.1         0         0    61
  3   0   2   0   2   0   0   0   0   0   0   0   0   0       -290.1         0      123.2       0      1.5        0.7         0         0    62
  1  -1   2   0   2   0   0   0   0   0   0   0   0   0       -287.8         0      123.2       0      0.8        0.4         0         0    63
  1   1  -2  -2  -2   0   0   0   0   0   0   0   0   0        281.9         0      120.7       0      0.7       -0.3         0         0    64
  0   1  -2  -2  -2   0   0   0   0   0   0   0   0   0        264.7         0      112.9       0      1.1       -0.5         0         0    65
  1   1   2   0   2   0   0   0   0   0   0   0   0   0        248.1         0     -106.2       0     -0.7       -0.3         0         0    66
  2   0   0   0  -1   0   0   0   0   0   0   0   0   0        229.4         0      126.6       0     -1.0        0.4         0         0    67
  2   0   0   0   1   0   0   0   0   0   0   0   0   0        217.9         0     -112.9       0     -0.2       -0.2         0         0    68
  0   0   0   0   0   0   3  -5   0   0   0   0   0  -2        206.5         0       89.5       0      0.0        0.0         0         0    69
  1   0  -2   2  -1   0   0   0   0   0   0   0   0   0        198.7         0      107.3       0     -0.6        0.2         0         0    70
  1   0   0   0   2   0   0   0   0   0   0   0   0   0       -198.1         0       85.4       0      0.0        0.0         0         0    71
  0   0   2   1   2   0   0   0   0   0   0   0   0   0        166.0         0      -71.0       0     -0.5       -0.2         0         0    72
  3   0   0   0   0   0   0   0   0   0   0   0   0   0        157.5         0       -5.0       0     -0.6        0.0         0         0    73
  1   0  -2  -4  -2   0   0   0   0   0   0   0   0   0        152.1         0       64.7       0      0.9       -0.4         0         0    74
  0   0   0   0   0   0   1  -1   0   0   0   0   0   0        148.5         0          0       0      0.0          0         0         0    75
  0   0   0   0   0   0   0   0   0   2  -5   0   0  -1        144.4         0      -77.1       0    240.9      128.6         0         0    76
  0   0   0   0   0   0   0   8 -16   4   5   0   0   0        144.0         0          0       0      0.0          0         0         0    77
  1   0   0   0  -2   0   0   0   0   0   0   0   0   0       -140.5         0      -61.0       0      0.4       -0.2         0         0    78
  2   0  -2  -2  -2   0   0   0   0   0   0   0   0   0       -137.8         0      -59.2       0     -0.2        0.2         0         0    79
  1   0   0  -4   0   0   0   0   0   0   0   0   0   0       -133.8         0       -3.9       0     -0.5        0.0         0         0    80
  1   0   2   2   1   0   0   0   0   0   0   0   0   0       -133.1         0       66.3       0      0.8        0.4         0         0    81
  1  -1   0  -1  -1   0   0   0   0   0   0   0   0   0       -131.4         0      -70.0       0      0.0        0.0         0         0    82
  1   1   2  -2   2   0   0   0   0   0   0   0   0   0        129.0         0      -55.6       0      0.0        0.0         0         0    83
  0   2  -2   2  -1   0   0   0   0   0   0   0   0   0        128.3         0       67.2       0      0.0        0.0         0         0    84
  2   0   0  -4   0   0   0   0   0   0   0   0   0   0       -128.2         0       -2.3       0     -0.3       -0.1         0         0    85
  0   0   2  -2   3   0   0   0   0   0   0   0   0   0        124.8         0      -17.0       0      0.0        0.1         0         0    86
  0   0   0   0   0   0   0   1   0  -1   0   0   0   0       -122.3         0          0       0     -2.9          0         0         0    87
  2   0  -2  -4  -2   0   0   0   0   0   0   0   0   0        121.4         0       51.8       0      0.5       -0.2         0         0    88
  0   0   1  -1   1   0  -8  12   0   0   0   0   0   0        120.0         0      -64.1       0     59.8       31.9         0         0    89
  0   0   0   0   0   0   0   0   0   2   0   0   0   2       -116.6         0       50.5       0      0.0        0.0         0         0    90
  1   0  -4   0  -2   0   0   0   0   0   0   0   0   0       -114.6         0      -49.0       0     -0.3        0.1         0         0    91
  2   0   2   2   2   0   0   0   0   0   0   0   0   0       -110.0         0       46.5       0      0.9        0.4         0         0    92
  1   0   0  -1  -1   0   0   0   0   0   0   0   0   0       -102.0         0      -49.5       0     -2.5        1.0         0         0    93
  2   0   2  -2   1   0   0   0   0   0   0   0   0   0        101.9         0      -52.7       0     -0.1       -0.1         0         0    94
  2   1   0  -2   0   0   0   0   0   0   0   0   0   0        101.4         0        0.4       0     -0.1        0.1         0         0    95
  1   0   0   2   1   0   0   0   0   0   0   0   0   0        -97.0         0       49.6       0      0.2        0.1         0         0    96
  1  -1   0  -2   0   0   0   0   0   0   0   0   0   0         94.9         0        0.8       0      0.1        0.1         0         0    97
  3   0   2  -2   2   0   0   0   0   0   0   0   0   0         93.4         0      -39.9       0     -0.3       -0.1         0         0    98
  0   0   4  -2   2   0   0   0   0   0   0   0   0   0         92.2         0      -39.5       0     -0.1       -0.1         0         0    99
  0   1  -2   2   0   0   0   0   0   0   0   0   0   0        -87.5         0        2.9       0      0.1        0.0         0         0   100
  0   0   2  -2  -1   0   0   0   0   0   0   0   0   0        -83.4         0      -44.0       0      0.2       -0.1         0         0   101
  0   1   2   0   1   0   0   0   0   0   0   0   0   0         81.5         0      -42.2       0     -0.1       -0.1         0         0   102
  1   0   2  -2   0   0   0   0   0   0   0   0   0   0        -76.6         0        0.9       0      0.1        0.0         0         0   103
  1   1   0  -2  -1   0   0   0   0   0   0   0   0   0        -74.2         0      -39.1       0      0.1        0.0         0         0   104
  2   0  -2   0   1   0   0   0   0   0   0   0   0   0         71.6         0      -38.9       0     -0.2       -0.1         0         0   105
  0   1   0   0   2   0   0   0   0   0   0   0   0   0         71.5         0      -32.6       0     -0.4        0.2         0         0   106
  0   0   2  -1   2   0   0   0   0   0   0   0   0   0        -70.4         0       30.4       0      0.0        0.0         0         0   107
  0   0   2   4   2   0   0   0   0   0   0   0   0   0        -69.4         0       29.4       0      0.5        0.2         0         0   108
  0   1   0   2   0   0   0   0   0   0   0   0   0   0        -67.3         0        1.4       0      0.2        0.0         0         0   109
  0   1  -2   0  -1   0   0   0   0   0   0   0   0   0         66.7         0       34.6       0      0.1       -0.1         0         0   110
  0   0   2   0  -1   0   0   0   0   0   0   0   0   0         66.6         0       36.9       0     -0.3        0.1         0         0   111
  0   1   2  -2   0   0   0   0   0   0   0   0   0   0        -65.8         0       -0.2       0      0.0        0.0         0         0   112
  1   0  -2  -2   0   0   0   0   0   0   0   0   0   0        -63.9       1.1       -1.9       0     -0.2        0.0       0.0         0   113
  0   0   0   0   0   0   2  -2   0   0   0   0   0   0        -59.8         0          0       0      0.0          0         0         0   114
  1  -1   0  -1  -2   0   0   0   0   0   0   0   0   0         59.5         0       25.8       0      0.0        0.0         0         0   115
  0   1   0   0  -2   0   0   0   0   0   0   0   0   0        -59.1         0      -25.3       0      0.0        0.0         0         0   116
  1  -1   2   2   2   0   0   0   0   0   0   0   0   0        -59.0         0       25.2       0      0.4        0.2         0         0   117
  2   0   0   2   0   0   0   0   0   0   0   0   0   0         58.8         0       -2.4       0     -0.3        0.0         0         0   118
  1   1   0  -2   1   0   0   0   0   0   0   0   0   0        -58.5         0       31.6       0     -0.2       -0.1         0         0   119
  1   0  -2   2   0   0   0   0   0   0   0   0   0   0        -57.8         0        0.5       0      0.1        0.0         0         0   120
  1  -1  -2  -2  -2   0   0   0   0   0   0   0   0   0        -57.0         0      -24.4       0     -0.2        0.1         0         0   121
  0   1   0   1   0   0   0   0   0   0   0   0   0   0         56.5         0       -0.6       0     -0.1        0.0         0         0   122
  0   1   2   2   2   0   0   0   0   0   0   0   0   0         53.5         0      -22.8       0     -0.2       -0.1         0         0   123
  1  -1   0   0   1   0   0   0   0   0   0   0   0   0         52.8         0      -27.9       0      0.0        0.0         0         0   124
  0   0   0   0   0   0   0   3   0  -1   0   0   0   2         51.7         0      -20.1       0      1.6        0.7         0         0   125
  3   0   2   0   1   0   0   0   0   0   0   0   0   0        -50.2         0       25.0       0      0.3        0.2         0         0   126
  0   0   0   4   0   0   0   0   0   0   0   0   0   0         49.4         0       -1.9       0     -0.2        0.0         0         0   127
  1  -1   0   2   0   0   0   0   0   0   0   0   0   0         49.3         0       -1.5       0     -0.2        0.0         0         0   128
  1   0   0   2  -1   0   0   0   0   0   0   0   0   0         49.2         0       27.5       0     -0.3        0.1         0         0   129
  0   0   0   0   0   0   0   0   0   2  -5   0   0   0        -49.1         0          0       0     12.8          0         0         0   130
  0   0   0   0   0   0   4  -6   0   0   0   0   0  -2        -49.0         0      -21.3       0      0.0        0.0         0         0   131
  2  -1   2   0   2   0   0   0   0   0   0   0   0   0        -48.8         0       20.7       0      0.2        0.1         0         0   132
  0   0   0   2   2   0   0   0   0   0   0   0   0   0        -46.8         0       20.1       0      0.0        0.0         0         0   133
  1   1  -2  -2  -1   0   0   0   0   0   0   0   0   0         46.7         0       24.0       0      0.1       -0.1         0         0   134
  1  -1  -2   0  -2   0   0   0   0   0   0   0   0   0        -46.3         0      -20.0       0      0.0        0.0         0         0   135
  0   0   0   0   0   0   0   4  -8   3   0   0   0   0        -46.2         0          0       0    160.4          0         0         0   136
  0   0   0   0   1   0   0  -1   2   0   0   0   0   0        -46.0         0       24.6       0    -43.5      -23.2         0         0   137
  0   0   0   0   0   0   2  -4   0   0   0   0   0  -2         45.8         0       19.8       0      0.0        0.0         0         0   138
  1   0   2  -4   1   0   0   0   0   0   0   0   0   0        -45.3         0       24.4       0     -0.1       -0.1         0         0   139
  0   0   0   0   0   0   0   1  -2   0   0   0   0   0        -44.9         0          0       0     43.0          0         0         0   140
  0   1  -2  -2  -1   0   0   0   0   0   0   0   0   0         44.6         0       22.5       0      0.2       -0.1         0         0   141
  2   0   0  -2   0   0   0  -2   0   2   0   0   0   0         43.9         0          0       0      0.0          0         0         0   142
  0   3   2  -2   2   0   0   0   0   0   0   0   0   0        -43.8         0       18.1       0      0.0        0.0         0         0   143
  0   0   0   0   0   0   8 -13   0   0   0   0   0  -1        -42.5         0       26.9       0     21.2       13.3         0         0   144
  1  -1   2   0   1   0   0   0   0   0   0   0   0   0        -42.1         0       21.6       0      0.1        0.1         0         0   145
  0   0   2   2   0   0   0   0   0   0   0   0   0   0         41.6         0       -1.7       0     -0.2        0.0         0         0   146
  0   0   0   0   0   0   0   2   0  -2   0   0   0   0         41.3         0          0       0      1.3          0         0         0   147
  2   1   2   0   2   0   0   0   0   0   0   0   0   0         41.2         0      -17.6       0     -0.2       -0.1         0         0   148
  1   0   0  -2  -2   0   0   0   0   0   0   0   0   0         39.6         0       17.1       0      0.0        0.0         0         0   149
  0   0   0   1   1   0   0   0   0   0   0   0   0   0        -39.0         0       20.5       0      0.0        0.0         0         0   150
  2  -1   0   0   0   0   0   0   0   0   0   0   0   0         37.5         0       -0.8       0     -0.1        0.0         0         0   151
  0   0   0   0   0   0   2   0   0   0   0   0   0   2         37.0         0      -16.0       0     -0.8        0.0         0         0   152
  0   0   0   0   0   0   0   2  -2   0   0   0   0   0        -36.8         0          0       0      0.0          0         0         0   153
  1   1   0   0   1   0   0   0   0   0   0   0   0   0        -36.1         0       18.9       0      0.0        0.0         0         0   154
  1   1   2   0   1   0   0   0   0   0   0   0   0   0         36.0         0      -18.5       0     -0.1       -0.1         0         0   155
  1   0  -2   2  -2   0   0   0   0   0   0   0   0   0        -35.7         0      -15.4       0      0.1        0.0         0         0   156
  2   0   0  -2   0   0   0  -2   0   3   0   0   0   0         34.9         0          0       0     -6.2          0         0         0   157
  0   0   0   0   0   0   1   1   0   0   0   0   0   2        -33.9         0       14.7       0      0.0        0.0         0         0   158
  1   0   2   1   2   0   0   0   0   0   0   0   0   0         33.7         0      -14.3       0     -0.1       -0.1         0         0   159
  0   1   0  -2   1   0   0   0   0   0   0   0   0   0        -33.5         0       18.4       0     -0.1       -0.1         0         0   160
  2   0   2   0   0   0   0   0   0   0   0   0   0   0         33.5         0       -1.4       0     -0.2        0.0         0         0   161
  1   0   2  -1   2   0   0   0   0   0   0   0   0   0        -33.4         0       14.4       0      0.0        0.0         0         0   162
  1   0   0   1   0   0   0   0   0   0   0   0   0   0        -32.5         0        0.7       0      0.1        0.0         0         0   163
  0   0   0   1  -1   0   0   0   0   0   0   0   0   0        -32.1         0      -17.4       0      0.1        0.0         0         0   164
  1   0   0  -2   2   0   0   0   0   0   0   0   0   0         30.9         0      -13.4       0      0.1        0.0         0         0   165
  1  -1   0   0  -1   0   0   0   0   0   0   0   0   0         30.1         0       16.2       0     -0.1        0.0         0         0   166
  2   1   0   0   0   0   0   0   0   0   0   0   0   0        -28.6         0        0.6       0      0.1        0.0         0         0   167
  2   0   0  -2  -1   0   0  -2   0   2   0   0   0   0        -28.4         0      -15.1       0      0.0        0.0         0         0   168
  0   0   2   1   1   0   0   0   0   0   0   0   0   0         28.0         0      -14.4       0     -0.1        0.0         0         0   169
  1   2   0  -2   0   0   0   0   0   0   0   0   0   0        -27.6         0       -0.2       0      0.0        0.0         0         0   170
  0   3   0   0   0   0   0   0   0   0   0   0   0   0         27.6         0        0.2       0      0.0        0.0         0         0   171
  0   0   1  -1   1   0   0   0  -2   0   0   0   0   0         27.3         0      -14.6       0      8.0        4.3         0         0   172
  0   0   1  -1   0   0   0   0  -2   0   0   0   0   0        -26.6         0          0       0     -7.8          0         0         0   173
  1   0  -2  -4  -1   0   0   0   0   0   0   0   0   0         26.3         0       13.1       0      0.2       -0.1         0         0   174
  0   0   0   0   0   0   0   1   0   1   0   0   0   2        -26.2         0       11.4       0      0.0        0.0         0         0   175
  4   0   2   0   2   0   0   0   0   0   0   0   0   0        -25.9         0       10.9       0      0.2        0.1         0         0   176
  1   0  -2   0   1   0   0   0   0   0   0   0   0   0         25.3         0      -13.8       0      0.1        0.0         0         0   177
  2   1   2  -2   2   0   0   0   0   0   0   0   0   0         25.2         0      -10.8       0      0.0        0.0         0         0   178
  1   1   2  -2   1   0   0   0   0   0   0   0   0   0         24.5         0      -12.8       0      0.0        0.0         0         0   179
  0   1   2   1   2   0   0   0   0   0   0   0   0   0        -24.5         0       10.4       0      0.1        0.0         0         0   180
  1   0   4  -2   2   0   0   0   0   0   0   0   0   0         24.3         0      -10.4       0     -0.1        0.0         0         0   181
  0   0   0   0   0   0   8 -13   0   0   0   0   0   0         23.5         0          0       0     33.4          0         0         0   182
  2   0  -2  -2  -1   0   0   0   0   0   0   0   0   0        -23.1         0      -12.0       0      0.0        0.0         0         0   183
  1   0  -2   1  -1   0   0   0   0   0   0   0   0   0         22.9         0       12.8       0      0.0        0.0         0         0   184
  2  -2   0  -2   0   0   0   0   0   0   0   0   0   0         22.8         0        0.1       0      0.0        0.0         0         0   185
  1   0   0   0   0   0 -18  16   0   0   0   0   0   0        -22.6         0          0       0     10.1          0         0         0   186
  0   0   0   0   3   0   0   0   0   0   0   0   0   0        -21.9         0        4.3       0      0.0        0.0         0         0   187
  1   0   0   0   0   0 -10   3   0   0   0   0   0   0         21.9         0          0       0      8.9          0         0         0   188
  0   2   0  -2   0   0   0   0   0   0   0   0   0   0        -21.3         0       -0.4       0      0.0        0.0         0         0   189
  1   1   0   0  -1   0   0   0   0   0   0   0   0   0        -20.8         0      -11.2       0      0.1        0.0         0         0   190
  2   0  -2  -4  -1   0   0   0   0   0   0   0   0   0         20.8         0       10.5       0      0.1        0.0         0         0   191
  0   0   0   0   0   0   5  -7   0   0   0   0   0  -2        -20.2         0       -8.7       0      0.0        0.0         0         0   192
  0   1   0   2   1   0   0   0   0   0   0   0   0   0         19.9         0      -10.2       0      0.0        0.0         0         0   193
  1   0  -4   0  -1   0   0   0   0   0   0   0   0   0        -19.7         0      -10.0       0     -0.1        0.0         0         0   194
  2   0   2   2   1   0   0   0   0   0   0   0   0   0        -19.2         0        9.4       0      0.2        0.1         0         0   195
  0   0   2  -3   2   0   0   0   0   0   0   0   0   0        -18.8         0        8.3       0      0.0        0.0         0         0   196
  1   0   0  -4  -1   0   0   0   0   0   0   0   0   0         18.7         0        9.6       0      0.0        0.0         0         0   197
  0   0   4   0   2   0   0   0   0   0   0   0   0   0         18.6         0       -7.9       0     -0.1        0.0         0         0   198
  0   0   0   0   0   0   0   4   0  -2   0   0   0   2        -18.4         0        8.0       0     -0.3       -0.1         0         0   199
  2   0   0  -2  -2   0   0   0   0   0   0   0   0   0        -17.5         0       -7.5       0      0.0        0.0         0         0   200
  0   0   1  -1   1   0   0  -1   0   0  -1   0   0   0         17.4         0       -9.3       0      8.4        4.5         0         0   201
  1   1  -2  -4  -2   0   0   0   0   0   0   0   0   0         17.4         0        7.5       0      0.1        0.0         0         0   202
  0   0   0   0   0   0   0   1   0  -2   0   0   0   0        -16.6         0          0       0     26.9          0         0         0   203
  0   0   0   0   0   0   0   2   0   1   0   0   0   2         16.3         0       -7.2       0     -1.2       -0.5         0         0   204
  1   0   2   4   2   0   0   0   0   0   0   0   0   0        -16.3         0        6.9       0      0.2        0.1         0         0   205
  3   0   0  -4   0   0   0   0   0   0   0   0   0   0        -16.1         0       -0.1       0      0.0        0.0         0         0   206
  1   1  -2   0  -2   0   0   0   0   0   0   0   0   0         15.9         0        6.9       0      0.0        0.0         0         0   207
  1   0   0  -1   1   0   0   0   0   0   0   0   0   0         15.9         0       -5.4       0     -2.8        1.1         0         0   208
  0   1   0  -2  -1   0   0   0   0   0   0   0   0   0         15.6         0        8.1       0      0.0        0.0         0         0   209
  0   0   0   4   1   0   0   0   0   0   0   0   0   0        -15.4         0        7.8       0      0.1        0.0         0         0   210
  0   0   0   0   0   0   0   2   0  -1   0   0   0   2        -15.4         0        6.7       0     -3.0       -1.3         0         0   211
  0   0   2  -4   1   0   0   0   0   0   0   0   0   0        -15.3         0        8.4       0     -0.1        0.0         0         0   212
  1   1   0  -4   0   0   0   0   0   0   0   0   0   0        -15.1         0       -0.5       0     -0.1        0.0         0         0   213
  3   0   2  -2   1   0   0   0   0   0   0   0   0   0         14.7         0       -7.5       0      0.0        0.0         0         0   214
  0   0   0   0   0   0   3  -5   0   0   0   0   0   0        -14.5         0          0       0      4.7          0         0         0   215
  1   1   2   2   2   0   0   0   0   0   0   0   0   0         14.4         0       -6.1       0     -0.1        0.0         0         0   216
  0   0   0   0   0   0   0   4  -2   0   0   0   0   2         14.3         0       -6.2       0     -0.3       -0.1         0         0   217
  0   0   4  -2   1   0   0   0   0   0   0   0   0   0         14.1         0       -7.2       0      0.0        0.0         0         0   218
  0   0   1  -1   1   0  -5   7   0   0   0   0   0   0         14.0         0       -7.5       0      2.7        1.4         0         0   219
  2   0   0  -2   0   0  -3   3   0   0   0   0   0   0         13.8         0          0       0      0.0          0         0         0   220
  3   0   2   2   2   0   0   0   0   0   0   0   0   0        -13.4         0        5.6       0      0.1        0.1         0         0   221
  0   0   0   0   0   0   0   0   0   0   2   0   0   2        -13.3         0        5.7       0      0.0        0.0         0         0   222
  2   1   0  -2  -1   0   0   0   0   0   0   0   0   0         13.2         0        6.9       0      0.0        0.0         0         0   223
  1   0   2   0   2   0   0   1   0   0   0   0   0   0         13.1         0       -5.7       0     -6.3       -2.6         0         0   224
  0   2  -2  -2  -2   0   0   0   0   0   0   0   0   0         12.9         0        5.5       0      0.1        0.0         0         0   225
  0   0   2   0   3   0   0   0   0   0   0   0   0   0         12.8         0       -0.1       0      0.0        0.0         0         0   226
  0   0   0   0   0   0   0   0   0   3   0   0   0   2        -12.7         0        5.5       0      2.1        0.9         0         0   227
  1   0  -2   0  -2   0   0   4  -8   3   0   0   0   0         12.6         0        5.5       0     -6.3        2.7         0         0   228
  0   0   0   0   0   0   0   8 -16   4   5   0   0   2         12.5         0       -5.4       0     -4.3        0.0         0         0   229
  2   0   0  -4  -1   0   0   0   0   0   0   0   0   0        -12.3         0       -6.4       0      0.0        0.0         0         0   230
  0   0   0   0   0   0   0   2  -8   3   0   0   0  -2         12.3         0        5.9       0    -41.6       19.9         0         0   231
  0   0   0   0   0   0   0   6  -8   3   0   0   0   2         12.3         0       -5.3       0    -41.5      -18.0         0         0   232
  0   0   2   4   1   0   0   0   0   0   0   0   0   0        -12.1         0        6.0       0      0.1        0.0         0         0   233
  0   0   0   2  -2   0   0   0   0   0   0   0   0   0        -12.0         0       -5.2       0      0.0        0.0         0         0   234
  3   0   0   0  -1   0   0   0   0   0   0   0   0   0         11.8         0        6.6       0     -0.1        0.0         0         0   235
  0   0   0   0   0   0   0   1   0  -3   0   0   0  -2        -11.8         0       -5.2       0      0.0        0.0         0         0   236
  0   0   2  -2   1   0  -3   3   0   0   0   0   0   0         11.7         0       -6.3       0      0.0        0.0         0         0   237
  0   0   0   0   0   0   6  -8   0   0   0   0   0  -2        -11.7         0       -5.1       0      0.0        0.0         0         0   238
  2   1   0  -4   0   0   0   0   0   0   0   0   0   0        -11.5         0       -0.2       0      0.0        0.0         0         0   239
  0   0   1  -1   1   0   0   3  -8   3   0   0   0   0        -11.4         0        6.1       0      0.0        0.0         0         0   240
  2   0   0   2   1   0   0   0   0   0   0   0   0   0        -11.4         0        5.7       0      0.0        0.0         0         0   241
  1  -1   0  -2  -1   0   0   0   0   0   0   0   0   0         11.3         0        5.9       0      0.0        0.0         0         0   242
  4   0   2  -2   2   0   0   0   0   0   0   0   0   0         11.3         0       -4.9       0     -0.1        0.0         0         0   243
  0   0   0   0   0   0   1  -3   0   0   0   0   0  -2        -11.3         0       -4.9       0      0.0        0.0         0         0   244
  2   1  -2  -4  -2   0   0   0   0   0   0   0   0   0         11.0         0        4.8       0      0.0        0.0         0         0   245
  0   0   2  -1   1   0   0   0   0   0   0   0   0   0        -10.6         0        6.1       0      0.0        0.0         0         0   246
  1  -1  -2   2  -1   0   0   0   0   0   0   0   0   0         10.5         0        5.7       0      0.0        0.0         0         0   247
  1   2  -2  -2  -2   0   0   0   0   0   0   0   0   0         10.4         0        4.4       0      0.0        0.0         0         0   248
  1   1   0   2   0   0   0   0   0   0   0   0   0   0        -10.3         0        0.3       0     -0.3       -0.1         0         0   249
  1   0   0  -3   0   0   0   0   0   0   0   0   0   0         10.3         0        0.2       0      0.0        0.0         0         0   250
  1   0   0  -2   0   0  19 -21   3   0   0   0   0   0         10.3         0          0       0     -6.0          0         0         0   251
  2   0   0  -4   1   0   0   0   0   0   0   0   0   0        -10.2         0        5.6       0      0.0        0.0         0         0   252
  2   0   0  -2   2   0   0   0   0   0   0   0   0   0        -10.2         0        4.4       0      0.0        0.0         0         0   253
  2   0   2  -4   1   0   0   0   0   0   0   0   0   0         10.1         0       -5.4       0      0.0        0.0         0         0   254
  1   0   0  -4   1   0   0   0   0   0   0   0   0   0        -10.0         0        5.6       0     -0.1        0.0         0         0   255
  1  -1   2   2   1   0   0   0   0   0   0   0   0   0        -10.0         0        5.0       0      0.1        0.0         0         0   256
  0   0   1  -1   1   0   0  -5   8  -3   0   0   0   0          9.9         0       -5.3       0      0.0        0.0         0         0   257
  1  -1  -2   0  -1   0   0   0   0   0   0   0   0   0         -9.6         0       -5.0       0      0.0        0.0         0         0   258
  0   2   0   0   1   0   0   0   0   0   0   0   0   0         -9.4         0        5.1       0      0.0        0.0         0         0   259
  0   1  -2   1  -2   0   0   0   0   0   0   0   0   0         -9.4         0       -4.0       0      0.0        0.0         0         0   260
  4   0   0   0   0   0   0   0   0   0   0   0   0   0          9.4         0       -0.4       0      0.0        0.0         0         0   261
  0   2  -2   2   0   0   0   0   0   0   0   0   0   0         -9.4         0          0       0      0.0          0         0         0   262
  1   0  -4   2  -2   0   0   0   0   0   0   0   0   0          9.3         0        4.0       0      0.0        0.0         0         0   263
  2  -1   2   2   2   0   0   0   0   0   0   0   0   0         -9.2         0        3.9       0      0.1        0.0         0         0   264
  0   1  -2  -4  -2   0   0   0   0   0   0   0   0   0          9.2         0        3.9       0      0.1        0.0         0         0   265
  2  -1   0  -2   0   0   0   0   0   0   0   0   0   0         -9.2         0        1.2       0     -0.5        0.2         0         0   266
  2   1  -2   0  -1   0   0   0   0   0   0   0   0   0         -9.1         0       -5.4       0     -0.4        0.2         0         0   267
  2   0   0   0   2   0   0   0   0   0   0   0   0   0         -9.1         0        3.9       0      0.0        0.0         0         0   268
  1   0  -2  -3  -2   0   0   0   0   0   0   0   0   0         -9.1         0       -3.9       0      0.0        0.0         0         0   269
  0   0   0   0   0   0   0   0   0   1   0   0   0   0         -9.1         0          0       0     24.8          0         0         0   270
  2   0   0  -2   1   0   0  -2   0   3   0   0   0   0          8.9         0       -4.8       0     -1.6       -0.9         0         0   271
  0   0   0   0   0   0   0   2   0   0   0   0   0   2         -8.9         0        3.8       0      0.0        0.0         0         0   272
  0   0   0   0   0   0   3  -3   0   0   0   0   0   0          8.9         0          0       0      0.0          0         0         0   273
  0   0   0   0   0   0   5  -8   0   0   0   0   0  -1         -8.8         0       -4.7       0      1.7       -0.9         0         0   274
  2   0   2  -2   0   0   0   0   0   0   0   0   0   0         -8.8         0        0.2       0      0.0        0.0         0         0   275
  0   2   2  -2   1   0   0   0   0   0   0   0   0   0          8.7         0       -4.7       0      0.0        0.0         0         0   276
  0   0   0   0   0   0   0   2  -4   0   0   0   0   0         -8.6         0          0       0     15.3          0         0         0   277
  0   0   0   0   0   0   0   1   2   0   0   0   0   2         -8.5         0        3.7       0     -7.0       -3.1         0         0   278
  1  -2   0   0   0   0   0   0   0   0   0   0   0   0          8.5         0          0       0      0.0          0         0         0   279
  0   0   0   0   1   0   0  -4   8  -3   0   0   0   0          8.4         0       -4.5       0     29.8       15.9         0         0   280
  1  -1  -2  -2  -1   0   0   0   0   0   0   0   0   0         -8.4         0       -4.4       0      0.0        0.0         0         0   281
  0   1   2   2   1   0   0   0   0   0   0   0   0   0          8.4         0       -4.3       0      0.0        0.0         0         0   282
  1   0   2   0  -1   0   0   0   0   0   0   0   0   0          8.3         0        4.7       0      0.0        0.0         0         0   283
  3   0   0   0   1   0   0   0   0   0   0   0   0   0          8.3         0       -4.3       0      0.0        0.0         0         0   284
  0   2  -2   0  -2   0   0   0   0   0   0   0   0   0          8.3         0        4.0       0      1.0        0.2         0         0   285
  1   0  -2  -1  -2   0   0   0   0   0   0   0   0   0         -8.3         0       -3.6       0      0.0        0.0         0         0   286
  0   0   0   0   0   0   0   2   0  -3   0   0   0   0          8.3         0          0       0      1.5          0         0         0   287
  0   0   0   0   0   0   4  -4   0   0   0   0   0   0          8.3         0          0       0      0.0          0         0         0   288
  2   1   0  -2   1   0   0   0   0   0   0   0   0   0          8.2         0       -4.5       0      0.0        0.0         0         0   289
  2  -1  -2   0  -1   0   0   0   0   0   0   0   0   0         -8.2         0       -4.5       0      0.0        0.0         0         0   290
  0   0   0   0   1   0   0   4  -8   3   0   0   0   0         -8.2         0        4.4       0     29.2       15.6         0         0   291
  1   0   0   4   0   0   0   0   0   0   0   0   0   0          8.2         0       -0.4       0      0.0        0.0         0         0   292
  1   0   2   2   0   0   0   0   0   0   0   0   0   0          8.1         0       -0.4       0     -0.1        0.0         0         0   293
  0   0   0   0   0   0   0   3  -2   0   0   0   0   2          8.0         0       -3.5       0     -7.1       -3.1         0         0   294
  2   0  -4   0  -2   0   0   0   0   0   0   0   0   0          7.9         0        3.4       0      0.0        0.0         0         0   295
  3   0  -2   0  -1   0   0   0   0   0   0   0   0   0          7.8         0        4.1       0      0.0        0.0         0         0   296
  0   0   0   0   0   0   0   3  -4   0   0   0   0   0         -7.8         0          0       0      4.5          0         0         0   297
  2   0   0  -2   0   0  -6   8   0   0   0   0   0   0         -7.8         0          0       0     -1.8          0         0         0   298
  2   0  -2   2  -1   0   0   0   0   0   0   0   0   0          7.7         0        4.3       0      0.0        0.0         0         0   299
  2  -1   2   0   1   0   0   0   0   0   0   0   0   0         -7.7         0        3.9       0      0.0        0.0         0         0   300
  0   0   0   0   1   0   0   0   0  -2   5   0   0   0          7.6         0       -4.1       0      1.7        0.9         0         0   301
  1   0   2  -4   0   0   0   0   0   0   0   0   0   0          7.5         0          0       0      0.0          0         0         0   302
  0   0   0   0   0   0   0   1   0   0  -1   0   0   0         -7.5         0          0       0      0.0          0         0         0   303
  0   2   2   0   2   0   0   0   0   0   0   0   0   0          7.4         0       -3.2       0      0.0        0.0         0         0   304
  0   0   0   0   0   0   7  -9   0   0   0   0   0  -2         -7.4         0       -3.2       0      0.0        0.0         0         0   305
  0   0   0   0   0   0   0   0   2   0   0   0   0   2         -7.4         0        3.2       0      0.0        0.0         0         0   306
  1  -2   0  -2   0   0   0   0   0   0   0   0   0   0          7.4         0       -0.1       0     -0.3        0.1         0         0   307
  0   0   0   0   1   0   0   0   0   2  -5   0   0   0         -7.3         0        3.9       0      1.7        0.9         0         0   308
  1  -1   2  -2   2   0   0   0   0   0   0   0   0   0         -7.3         0        3.2       0      0.0        0.0         0         0   309
  1   0   2  -4   2   0   0   0   0   0   0   0   0   0          7.1         0       -3.1       0      0.0        0.0         0         0   310
  2   0   2  -1   2   0   0   0   0   0   0   0   0   0         -6.9         0        3.0       0      0.0        0.0         0         0   311
  1   0   0   0  -1   0 -18  16   0   0   0   0   0   0          6.8         0        3.6       0     -3.4        1.8         0         0   312
  1   1  -2   1  -1   0   0   0   0   0   0   0   0   0         -6.8         0       -3.6       0      0.0        0.0         0         0   313
  0   0   0   0   0   0   0   2  -3   0   0   0   0   0         -6.8         0          0       0      3.9          0         0         0   314
  0   0   0   0   0   0   0   3   0  -2   0   0   0   2          6.7         0       -2.9       0     -9.1       -3.9         0         0   315
  0   0   1  -1   1   0   0  -1   0   0   1   0   0   0         -6.6         0        3.5       0     -1.2       -0.6         0         0   316
  0   1   0  -4   0   0   0   0   0   0   0   0   0   0         -6.5         0       -0.2       0      0.0        0.0         0         0   317
  2   1   2   0   1   0   0   0   0   0   0   0   0   0          6.4         0       -3.3       0      0.0        0.0         0         0   318
  1   1  -2   0  -1   0   0   0   0   0   0   0   0   0          6.3         0        3.3       0      0.0        0.0         0         0   319
  0   0   0   0   0   0   3  -7   0   0   0   0   0  -2          6.3         0        2.8       0     -1.6        0.7         0         0   320
  2   1  -2  -2  -2   0   0   0   0   0   0   0   0   0         -6.3         0       -2.8       0      0.0        0.0         0         0   321
  3  -1   2   0   2   0   0   0   0   0   0   0   0   0         -6.3         0        2.6       0      0.0        0.0         0         0   322
  1  -1   0  -2   1   0   0   0   0   0   0   0   0   0          6.2         0       -3.4       0      0.0        0.0         0         0   323
  0   0   0   0   0   0   8 -11   0   0   0   0   0  -2          6.2         0        2.7       0    -11.2        4.9         0         0   324
  0   2   0   0  -1   0   0   0   0   0   0   0   0   0          6.1         0        3.2       0      0.0        0.0         0         0   325
  0   0   0   0   0   0   8 -15   0   0   0   0   0  -2         -6.1         0       -2.7       0     -9.6        4.2         0         0   326
  1   0  -2   1   0   0   0   0   0   0   0   0   0   0         -6.1         0        0.1       0      0.0        0.0         0         0   327
  2   0  -2  -2   0   0   0   0   0   0   0   0   0   0          6.0         0        0.2       0      0.0        0.0         0         0   328
  1   0   2  -3   2   0   0   0   0   0   0   0   0   0         -6.0         0          0       0      0.0          0         0         0   329
  0   0   0   0   0   0   5  -5   0   0   0   0   0   0          5.9         0          0       0      0.0          0         0         0   330
  1   0   0   0   1   0 -18  16   0   0   0   0   0   0          5.7         0       -3.0       0     -2.8       -1.5         0         0   331
  1   0   2   1   1   0   0   0   0   0   0   0   0   0          5.7         0       -2.9       0      0.0        0.0         0         0   332
  0   0   0   0   0   0   0   8 -16   4   5   0   0  -2         -5.6         0       -4.0       0    -11.7        4.2         0         0   333
  2   0   0   0  -2   0   0   0   0   0   0   0   0   0         -5.6         0       -2.5       0      0.0        0.0         0         0   334
  2   0   0  -2   1   0   0  -2   0   2   0   0   0   0          5.4         0       -2.9       0      0.0        0.0         0         0   335
  0   0   0   0   0   0   3  -3   0   0   0   0   0   2          5.4         0       -2.4       0     -1.5       -0.7         0         0   336
  2   0   0  -2  -1   0   0  -2   0   3   0   0   0   0          5.3         0        2.8       0     -0.9        0.5         0         0   337
  3   1   2   0   2   0   0   0   0   0   0   0   0   0          5.3         0       -2.3       0      0.0        0.0         0         0   338
  1   1   2   1   2   0   0   0   0   0   0   0   0   0         -5.3         0        2.2       0      0.0        0.0         0         0   339
  1   0   0  -1   0   0   0  -1   0   1   0   0   0   0          5.3         0          0       0      0.0          0         0         0   340
  0   0   0   0   0   0   0   0   0   1   0   0   0   2          5.2         0       -2.3       0      2.3        1.0         0         0   341
  0   0   0   0   0   0   0   0   0   2   0   0   0   1          5.1         0       -2.7       0     27.2       14.5         0         0   342
  0   0   0   0   0   0   0   0   0   0   2   0   0   1          5.1         0       -2.7       0     11.4        6.1         0         0   343
  2  -1   2  -2   2   0   0   0   0   0   0   0   0   0          5.1         0       -2.2       0      0.0        0.0         0         0   344
  1  -2   2   0   2   0   0   0   0   0   0   0   0   0         -5.1         0        2.2       0      0.0        0.0         0         0   345
  0   0   0   0   0   0   0   2  -4   0   0   0   0  -2          5.1         0        2.2       0      0.0        0.0         0         0   346
  2   0   0  -3   0   0   0   0   0   0   0   0   0   0          5.1         0          0       0      0.0          0         0         0   347
  0   0   1  -1   1   0   0  -1   0  -1   0   0   0   0         -5.0         0        2.7       0     19.4       10.3         0         0   348
  0   0   2  -2   1   0   0  -2   0   2   0   0   0   0          5.0         0       -2.7       0      0.0        0.0         0         0   349
  0   0   0   0   0   0   8 -10   0   0   0   0   0  -2         -5.0         0       -2.2       0      0.3       -0.1         0         0   350
  0   1   0   1   1   0   0   0   0   0   0   0   0   0          4.9         0       -2.6       0      0.0        0.0         0         0   351
  3   0   0   2   0   0   0   0   0   0   0   0   0   0          4.9         0       -0.2       0      0.0        0.0         0         0   352
  0   0   1  -1   1   0   0  -1   0   0   2   0   0   0         -4.8         0        2.6       0    -11.0       -5.9         0         0   353
  0   1   0   1  -1   0   0   0   0   0   0   0   0   0          4.8         0        2.5       0      0.0        0.0         0         0   354
  0   1   2  -2   3   0   0   0   0   0   0   0   0   0          4.8         0       -1.0       0      0.0        0.0         0         0   355
  0   0   0   0   0   0   0   0   0   0   1   0   0   1          4.7         0       -2.5       0      0.8        0.4         0         0   356
  1   1  -2   2  -1   0   0   0   0   0   0   0   0   0         -4.7         0       -2.4       0      0.0        0.0         0         0   357
  2   0   2   1   2   0   0   0   0   0   0   0   0   0          4.7         0       -1.9       0      0.0        0.0         0         0   358
  2  -1   0   2   0   0   0   0   0   0   0   0   0   0          4.7         0       -0.1       0      0.0        0.0         0         0   359
  1   1   0   1   0   0   0   0   0   0   0   0   0   0          4.7         0       -0.1       0      0.0        0.0         0         0   360
  0   0   0   0   1   0   8 -13   0   0   0   0   0   0          4.6         0       -2.5       0      6.6        3.5         0         0   361
  2   0  -4  -2  -2   0   0   0   0   0   0   0   0   0         -4.6         0       -1.8       0      0.0        0.0         0         0   362
  0   0   0   0   0   0   4  -6   0   0   0   0   0   0         -4.6         0          0       0      1.4          0         0         0   363
  0   1   0   2  -1   0   0   0   0   0   0   0   0   0         -4.5         0       -2.6       0      0.0        0.0         0         0   364
  1   1   2  -4   1   0   0   0   0   0   0   0   0   0         -4.5         0        2.3       0      0.0        0.0         0         0   365
  4   0   2   0   1   0   0   0   0   0   0   0   0   0         -4.5         0        2.2       0      0.0        0.0         0         0   366
  1   2   2  -2   2   0   0   0   0   0   0   0   0   0          4.5         0       -2.0       0      0.0        0.0         0         0   367
  0   0   4  -4   4   0   0   0   0   0   0   0   0   0          4.5         0       -0.8       0      0.0        0.0         0         0   368
  0   0   0   0   0   0   0   8 -15   0   0   0   0   0          4.5         0          0       0     -2.2          0         0         0   369
  3   0  -2  -2  -2   0   0   0   0   0   0   0   0   0         -4.4         0       -1.9       0      0.0        0.0         0         0   370
  0   0   4  -4   2   0   0   0   0   0   0   0   0   0         -4.4         0        1.9       0      0.0        0.0         0         0   371
  2   1  -2   0   0   0   0   0   0   0   0   0   0   0          4.4         0       -0.2       0      0.0        0.0         0         0   372
  1   0   2  -3   1   0   0   0   0   0   0   0   0   0         -4.3         0        2.4       0      0.0        0.0         0         0   373
  2   0  -2  -6  -2   0   0   0   0   0   0   0   0   0          4.3         0        1.8       0      0.0        0.0         0         0   374
  2   0   0   2  -1   0   0   0   0   0   0   0   0   0          4.2         0        2.4       0      0.0        0.0         0         0   375
  0   1   2   1   1   0   0   0   0   0   0   0   0   0         -4.2         0        2.2       0      0.0        0.0         0         0   376
  0   0   1  -1   0   0   0  -1   0   0  -1   0   0   0          4.2         0          0       0      2.0          0         0         0   377
  2   1   2  -2   1   0   0   0   0   0   0   0   0   0          4.1         0       -2.1       0      0.0        0.0         0         0   378
  0   0   0   0   0   0   8 -13   0   0   0   0   0  -2          4.1         0        1.7       0     17.5       -7.6         0         0   379
  0   0   0   0   1   0  -8  13   0   0   0   0   0   0         -4.0         0        2.1       0      5.7        3.0         0         0   380
  1   0   2  -1   1   0   0   0   0   0   0   0   0   0         -4.0         0        2.1       0      0.0        0.0         0         0   381
  0   0   0   0   0   0   6  -6   0   0   0   0   0   0          4.0         0          0       0      0.0          0         0         0   382
  1   0   4  -2   1   0   0   0   0   0   0   0   0   0          3.9         0       -2.1       0      0.0        0.0         0         0   383
  1  -1   2  -2   1   0   0   0   0   0   0   0   0   0         -3.9         0        2.1       0      0.0        0.0         0         0   384
  2  -2   0  -2  -1   0   0   0   0   0   0   0   0   0          3.8         0        2.0       0      0.0        0.0         0         0   385
  1   0   2  -2  -1   0   0   0   0   0   0   0   0   0         -3.8         0       -2.0       0      0.0        0.0         0         0   386
  2  -1   0  -2   1   0   0   0   0   0   0   0   0   0         -3.8         0        1.9       0      0.0        0.0         0         0   387
  2   0   0  -1   0   0   0   0   0   0   0   0   0   0          3.8         0          0       0      0.0          0         0         0   388
  0   0   0   0   1   0   0   1  -2   0   0   0   0   0         -3.7         0        2.0       0      3.5        1.9         0         0   389
  1  -1   0   2   1   0   0   0   0   0   0   0   0   0         -3.7         0        1.9       0      0.0        0.0         0         0   390
  0   0   0   0   0   0   0   4   0  -3   0   0   0   2         -3.7         0        1.6       0     -0.7       -0.3         0         0   391
  2   0   4  -2   2   0   0   0   0   0   0   0   0   0          3.7         0       -1.6       0      0.0        0.0         0         0   392
  0   0   2   3   2   0   0   0   0   0   0   0   0   0          3.7         0       -1.6       0      0.0        0.0         0         0   393
  1   0  -2   2   1   0   0   0   0   0   0   0   0   0         -3.6         0        2.0       0      0.0        0.0         0         0   394
  1  -1   0   2  -1   0   0   0   0   0   0   0   0   0          3.6         0        2.0       0      0.0        0.0         0         0   395
  0   1   4  -2   2   0   0   0   0   0   0   0   0   0          3.6         0       -1.5       0      0.0        0.0         0         0   396
  1   1   0  -1   0   0   0   0   0   0   0   0   0   0          3.6         0          0       0      0.0          0         0         0   397
  0   0   0   4  -1   0   0   0   0   0   0   0   0   0          3.5         0        1.9       0      0.0        0.0         0         0   398
  2  -1   0   0   1   0   0   0   0   0   0   0   0   0          3.5         0       -1.8       0      0.0        0.0         0         0   399
  0   0   0   0   0   0   0   1   0   2   0   0   0   2         -3.5         0        1.5       0     -4.8       -2.1         0         0   400
  1  -2  -2  -2  -2   0   0   0   0   0   0   0   0   0         -3.5         0       -1.4       0      0.0        0.0         0         0   401
  0   0   1  -1   0   0  -5   7   0   0   0   0   0   0         -3.5         0          0       0     -0.7          0         0         0   402
  1   2   0   0   0   0   0   0   0   0   0   0   0   0         -3.5         0          0       0      0.0          0         0         0   403
  1   0   0  -1  -2   0   0   0   0   0   0   0   0   0          3.4         0        1.5       0      0.0        0.0         0         0   404
  0   0   0   0   0   0   9 -11   0   0   0   0   0  -2         -3.4         0       -1.5       0      0.0        0.0         0         0   405
  1   0   0  -2   0   0   0  -2   0   2   0   0   0   0          3.4         0          0       0      0.0          0         0         0   406
  1  -1  -2   2   0   0   0   0   0   0   0   0   0   0         -3.4         0          0       0      0.0          0         0         0   407
  1   0  -2   1  -2   0   0   0   0   0   0   0   0   0          3.3         0        2.1       0      0.0        0.0         0         0   408
  0   1  -2   2   1   0   0   0   0   0   0   0   0   0         -3.3         0        1.6       0      0.0        0.0         0         0   409
  0   0   0   0   0   0   0   0   0   0   1   0   0  -1         -3.2         0        1.7       0      1.5        0.8         0         0   410
  1   1   0   2   1   0   0   0   0   0   0   0   0   0          3.2         0       -1.6       0      0.0        0.0         0         0   411
  1   0   0   4   1   0   0   0   0   0   0   0   0   0         -3.2         0        1.6       0      0.0        0.0         0         0   412
  0   0   4   0   1   0   0   0   0   0   0   0   0   0          3.2         0       -1.6       0      0.0        0.0         0         0   413
  2   0   2  -4   2   0   0   0   0   0   0   0   0   0         -3.2         0        1.5       0      0.0        0.0         0         0   414
  1   0  -2  -6  -2   0   0   0   0   0   0   0   0   0          3.2         0        1.4       0      0.0        0.0         0         0   415
  3   1   2  -2   2   0   0   0   0   0   0   0   0   0          3.2         0       -1.3       0      0.0        0.0         0         0   416
  1   0  -4  -2  -2   0   0   0   0   0   0   0   0   0         -3.2         0       -1.3       0      0.0        0.0         0         0   417
  0   0   1  -1   1   0   0  -1   0   2  -5   0   0   0          3.1         0       -1.7       0    -48.1      -25.7         0         0   418
  0   0   0   0   0   0   3  -1   0   0   0   0   0   2          3.1         0       -1.3       0     -0.6        0.0         0         0   419
  1  -1  -2  -4  -2   0   0   0   0   0   0   0   0   0         -3.1         0       -1.3       0      0.0        0.0         0         0   420
  1  -2   2   2   2   0   0   0   0   0   0   0   0   0         -3.1         0        1.3       0      0.0        0.0         0         0   421
  0   0   2  -4   2   0   0   0   0   0   0   0   0   0          3.1         0       -1.3       0      0.0        0.0         0         0   422
  0   0   2  -1   0   0   0   0   0   0   0   0   0   0          3.1         0          0       0      0.0          0         0         0   423
  0   0   0   0   0   0   2  -3   0   0   0   0   0  -1         -3.0         0       -1.6       0     -0.3        0.2         0         0   424
  1   1  -2  -4  -1   0   0   0   0   0   0   0   0   0          3.0         0        1.5       0      0.0        0.0         0         0   425
  0   0   0   0   0   0   0   5  -4   0   0   0   0   2          3.0         0       -1.3       0     -1.8       -0.8         0         0   426
  0   0   0   0   0   0   0   1   0  -4   0   0   0  -2         -3.0         0       -1.3       0     -0.6        0.2         0         0   427
  3   0   2   0   0   0   0   0   0   0   0   0   0   0          3.0         0       -0.2       0      0.0        0.0         0         0   428
  1   1  -2   1   0   0   0   0   0   0   0   0   0   0          3.0         0          0       0      0.0          0         0         0   429
  2  -1   0   0  -1   0   0   0   0   0   0   0   0   0          2.9         0        1.5       0      0.0        0.0         0         0   430
  1   0   2   4   1   0   0   0   0   0   0   0   0   0         -2.9         0        1.4       0      0.0        0.0         0         0   431
  0   0   0   0   0   0   0   3   0   0  -1   0   0   2          2.9         0       -1.3       0      0.0        0.0         0         0   432
  3  -1   0   0   0   0   0   0   0   0   0   0   0   0          2.9         0       -0.1       0      0.0        0.0         0         0   433
  2  -1  -2   0   0   0   0   0   0   0   0   0   0   0          2.9         0       -0.1       0      0.0        0.0         0         0   434
  2   0  -2   2   0   0   0   0   0   0   0   0   0   0         -2.9         0          0       0      0.0          0         0         0   435
  1   1   2  -2   0   0   0   0   0   0   0   0   0   0         -2.9         0          0       0      0.0          0         0         0   436
  1   2   0  -2  -1   0   0   0   0   0   0   0   0   0         -2.8         0       -1.5       0      0.0        0.0         0         0   437
  1   0   0   1  -1   0   0   0   0   0   0   0   0   0         -2.8         0       -1.5       0      0.0        0.0         0         0   438
  0   1   2  -2  -1   0   0   0   0   0   0   0   0   0         -2.8         0       -1.5       0      0.0        0.0         0         0   439
  0   0   0   0   1   0   1  -1   0   0   0   0   0   0         -2.8         0        1.5       0      0.0        0.0         0         0   440
  1   1  -2  -2   0   0   0   0   0   0   0   0   0   0         -2.8         0       -0.1       0      0.0        0.0         0         0   441
  0   0   0   0   0   0   0   1   0  -3   0   0   0   0         -2.8         0          0       0      3.6          0         0         0   442
  2   0   2  -4   0   0   0   0   0   0   0   0   0   0         -2.8         0        0.0       0      0.0        0.2         0         0   443
  0   0   0   0   0   0   7  -7   0   0   0   0   0   0          2.8         0          0       0      0.0          0         0         0   444
  0   0   1  -1   1   0   0  -1   0   2   0   0   0   0         -2.7         0        1.4       0    -14.3       -7.7         0         0   445
  0   0   2  -2   1   0  -4   4   0   0   0   0   0   0          2.7         0       -1.4       0      0.0        0.0         0         0   446
  0   0   2  -3   1   0   0   0   0   0   0   0   0   0          2.7         0       -1.4       0      0.0        0.0         0         0   447
  2   0   2   4   2   0   0   0   0   0   0   0   0   0         -2.7         0        1.2       0      0.0        0.0         0         0   448
  2  -1  -2  -2  -2   0   0   0   0   0   0   0   0   0          2.7         0        1.1       0      0.0        0.0         0         0   449
  0   1  -2  -2   0   0   0   0   0   0   0   0   0   0         -2.7         0       -0.1       0      0.0        0.0         0         0   450
  0   0   0   0   0   0   0   3  -3   0   0   0   0   0          2.7         0          0       0      0.0          0         0         0   451
  1   0   0  -1   1   0   0  -1   0   2   0   0   0   0         -2.6         0        1.4       0     -2.9       -1.6         0         0   452
  3   0  -2  -2  -1   0   0   0   0   0   0   0   0   0         -2.6         0       -1.4       0      0.0        0.0         0         0   453
  0   0   0   0   0   0   0   4  -3   0   0   0   0   2          2.6         0       -1.1       0     -1.4       -0.6         0         0   454
  3   0   2  -4   2   0   0   0   0   0   0   0   0   0         -2.6         0        1.1       0      0.0        0.0         0         0   455
  2   1   2   2   2   0   0   0   0   0   0   0   0   0          2.6         0       -1.1       0      0.0        0.0         0         0   456
  2   0  -1  -1   0   0   0   3  -7   0   0   0   0   0          2.6         0          0       0     -0.9          0         0         0   457
  0   0   0   0   0   0   4  -6   0   0   0   0   0  -1          2.5         0        1.4       0     10.6       -5.6         0         0   458
  0   0   0   0   0   0   1  -1   0   0   0   0   0  -1         -2.5         0       -1.3       0     10.6       -5.7         0         0   459
  0   0   0   0   0   0   0   7  -8   3   0   0   0   2         -2.5         0        1.1       0      0.0        0.0         0         0   460
  2   0   0   1   0   0   0   0   0   0   0   0   0   0         -2.5         0        0.1       0      0.0        0.0         0         0   461
  0   0   0   0   0   0   0   0   0   2   0   0   0   0         -2.5         0          0       0      2.2          0         0         0   462
  1  -2   0   2   0   0   0   0   0   0   0   0   0   0          2.5         0          0       0      0.0          0         0         0   463
  0   0   0   0   0   0   0   1  -1   0   0   0   0   0         -2.5         0          0       0      0.0          0         0         0   464
  2   0   2   0   2   0   0   2   0  -3   0   0   0   0          2.4         0       -1.1       0     -1.2       -0.5         0         0   465
  0   0   0   0   0   0   6 -10   0   0   0   0   0  -2         -2.4         0       -1.1       0      0.5       -0.2         0         0   466
  3   0   2   2   1   0   0   0   0   0   0   0   0   0         -2.4         0        1.1       0      0.0        0.0         0         0   467
  1  -1  -2   2  -2   0   0   0   0   0   0   0   0   0         -2.4         0       -1.1       0      0.0        0.0         0         0   468
  0   0   0   0   0   0   0   3  -6   0   0   0   0  -2          2.4         0        1.0       0     -1.3        0.6         0         0   469
  0   0   2   0   2   0   0   1   0   0   0   0   0   0         -2.4         0        1.0       0     -1.2       -0.5         0         0   470
  1   0   4   0   2   0   0   0   0   0   0   0   0   0          2.4         0       -1.0       0      0.0        0.0         0         0   471
  1  -1   2   4   2   0   0   0   0   0   0   0   0   0         -2.4         0        1.0       0      0.0        0.0         0         0   472
  2   0   0  -2   0   0   0  -5   6   0   0   0   0   0          2.4         0          0       0      1.2          0         0         0   473
  3   0  -2   0   0   0   0   0   0   0   0   0   0   0         -2.4         0          0       0      0.0          0         0         0   474
  0   0   0   0   0   0   0   1  -2   0   0   0   0   1          2.3         0       -1.3       0      0.7        0.3         0         0   475
  1   1   2   2   1   0   0   0   0   0   0   0   0   0          2.3         0       -1.2       0      0.0        0.0         0         0   476
  1   0   0   2   2   0   0   0   0   0   0   0   0   0          2.3         0       -1.0       0      0.0        0.0         0         0   477
  5   0   2   0   2   0   0   0   0   0   0   0   0   0         -2.3         0        0.9       0      0.0        0.0         0         0   478
  3   0  -2  -6  -2   0   0   0   0   0   0   0   0   0          2.3         0        0.9       0      0.0        0.0         0         0   479
  2   0   0  -6   0   0   0   0   0   0   0   0   0   0         -2.3         0       -0.1       0      0.0        0.0         0         0   480
  3   1   0   0   0   0   0   0   0   0   0   0   0   0         -2.3         0          0       0      0.0          0         0         0   481
  2   1   0   0  -1   0   0   0   0   0   0   0   0   0         -2.2         0       -1.2       0      0.0        0.0         0         0   482
  1   2   0  -2   1   0   0   0   0   0   0   0   0   0         -2.2         0        1.2       0      0.0        0.0         0         0   483
  0   0   0   0   0   0   0   1  -8   3   0   0   0  -2          2.2         0        1.0       0      1.2       -0.5         0         0   484
  0   2  -2  -2  -1   0   0   0   0   0   0   0   0   0          2.2         0        1.0       0      0.0        0.0         0         0   485
  1  -1   2  -1   2   0   0   0   0   0   0   0   0   0          2.2         0       -0.9       0      0.0        0.0         0         0   486
  0   0   0   0   0   0   1  -2   0   0   0   0   0   0          2.2         0          0       0     -8.7          0         0         0   487
  1  -1   2   0   0   0   0   0   0   0   0   0   0   0          2.2         0          0       0      0.0          0         0         0   488
  1  -1   0  -4   0   0   0   0   0   0   0   0   0   0          2.2         0          0       0      0.0          0         0         0   489
  1   0   2   0   1   0   0  -2   0   3   0   0   0   0          2.1         0       -1.1       0     -1.1       -0.6         0         0   490
  1   0  -2   0  -1   0   0  -1   0   0   0   0   0   0          2.1         0        1.1       0     -1.1        0.6         0         0   491
  0   0   0   0   1   0  -3   5   0   0   0   0   0   0         -2.1         0        1.1       0     -0.6       -0.3         0         0   492
  2   0  -2   0   2   0   0   0   0   0   0   0   0   0         -2.1         0        1.0       0      0.0        0.0         0         0   493
  0   0   0   0   0   0   0   0   4   0   0   0   0   2         -2.1         0        0.9       0     -3.2       -1.4         0         0   494
  1   2   2   0   2   0   0   0   0   0   0   0   0   0          2.1         0       -0.9       0      0.0        0.0         0         0   495
  0   1   0  -2  -2   0   0   0   0   0   0   0   0   0          2.1         0        0.9       0      0.0        0.0         0         0   496
  0   1  -2   2  -3   0   0   0   0   0   0   0   0   0          2.1         0        0.5       0      0.0        0.0         0         0   497
  0   0   1  -1   0   0   0  -1   0  -1   0   0   0   0          2.1         0          0       0     -7.8          0         0         0   498
  2   0   0   0   0   0   0  -2   0   3   0   0   0   0         -2.1         0          0       0      1.1          0         0         0   499
  0   0   0   0   0   0   0   5  -8   3   0   0   0   0          2.1         0          0       0      0.3          0         0         0   500
  0   0   0   0   1   0   0   0   0   1   0   0   0   0          2.0         0       -1.1       0     -7.0       -3.7         0         0   501
  2   1   0   0   1   0   0   0   0   0   0   0   0   0         -2.0         0        1.1       0      0.0        0.0         0         0   502
  1   1   0  -2  -2   0   0   0   0   0   0   0   0   0          2.0         0        0.8       0      0.0        0.0         0         0   503
  0   0   0   0   0   0   0   3  -5   0   0   0   0   0         -2.0         0          0       0      3.4          0         0         0   504
  4   0   0  -2   0   0   0   0   0   0   0   0   0   0         -2.0         0          0       0      0.0          0         0         0   505
  2   2   0  -2   0   0   0   0   0   0   0   0   0   0          2.0         0          0       0      0.0          0         0         0   506
  0   1   2   0   0   0   0   0   0   0   0   0   0   0         -2.0         0          0       0      0.0          0         0         0   507
  3   0   0  -4  -1   0   0   0   0   0   0   0   0   0         -1.9         0       -1.0       0      0.0        0.0         0         0   508
  1   0   0   1   1   0   0   0   0   0   0   0   0   0         -1.9         0        1.0       0      0.0        0.0         0         0   509
  1   0  -4   2  -1   0   0   0   0   0   0   0   0   0          1.9         0        1.0       0      0.0        0.0         0         0   510
  0   0   0   0   1   0  -1   1   0   0   0   0   0   0         -1.9         0        1.0       0      0.0        0.0         0         0   511
  2   1  -2  -4  -1   0   0   0   0   0   0   0   0   0          1.9         0        0.9       0      0.0        0.0         0         0   512
  0   0   0   0   0   0   0   1  -4   0   0   0   0  -2          1.9         0        0.8       0     -0.8        0.4         0         0   513
  2  -1  -2  -4  -2   0   0   0   0   0   0   0   0   0         -1.9         0       -0.8       0      0.0        0.0         0         0   514
  0   0   0   0   0   0   0   3  -1   0   0   0   0   2          1.9         0       -0.8       0      0.0        0.0         0         0   515
  0   0   0   0   0   0   2   1   0   0   0   0   0   2          1.9         0        0.2       0     -2.3       -1.0         0         0   516
  0   0   0   0   0   0   0   3  -8   3   0   0   0   0         -1.9         0          0       0     -1.1          0         0         0   517
  1   1   2   0   0   0   0   0   0   0   0   0   0   0         -1.9         0          0       0      0.0          0         0         0   518
  1   0   0  -2   0   0  -3   3   0   0   0   0   0   0          1.9         0          0       0      0.0          0         0         0   519
  0   0   0   0   0   0   8  -8   0   0   0   0   0   0          1.9         0          0       0      0.0          0         0         0   520
  0   1   2  -4   1   0   0   0   0   0   0   0   0   0         -1.8         0        1.0       0      0.0        0.0         0         0   521
  0   0   2  -2   1   0  -5   6   0   0   0   0   0   0         -1.8         0        0.9       0    -43.6      -23.3         0         0   522
  4   0   2  -2   1   0   0   0   0   0   0   0   0   0          1.8         0       -0.9       0      0.0        0.0         0         0   523
  0   0   1  -1   1   0  -2   2   0   0   0   0   0   0          1.8         0       -0.9       0      0.0        0.0         0         0   524
  0   0   0   0   0   0   0   4  -4   0   0   0   0   2          1.8         0       -0.8       0     -2.9       -1.3         0         0   525
  0   0   0   0   0   0   0   0   3   0   0   0   0   2         -1.8         0        0.8       0     -1.0       -0.4         0         0   526
  3   0  -2   0  -2   0   0   0   0   0   0   0   0   0         -1.8         0       -0.8       0      0.0        0.0         0         0   527
  1  -1   0   0   2   0   0   0   0   0   0   0   0   0         -1.8         0        0.7       0      0.0        0.0         0         0   528
  0   0   0   0   0   0   0   3   0  -3   0   0   0   0          1.8         0          0       0     -0.3          0         0         0   529
  1  -1  -2   0   0   0   0   0   0   0   0   0   0   0          1.8         0          0       0      0.0          0         0         0   530
  0   0   2   1   0   0   0   0   0   0   0   0   0   0         -1.8         0          0       0      0.0          0         0         0   531
  0   2   0  -2   1   0   0   0   0   0   0   0   0   0         -1.7         0        1.0       0      0.0        0.0         0         0   532
  0   0   1  -1   1   0   0  -1   0   0   0   0   2   0         -1.7         0        0.9       0     -1.9       -1.0         0         0   533
  2   0   0  -2   1   0  -6   8   0   0   0   0   0   0         -1.7         0        0.9       0     -0.4       -0.2         0         0   534
  1   0  -2   4  -1   0   0   0   0   0   0   0   0   0          1.7         0        0.9       0      0.0        0.0         0         0   535
  1   0  -2  -2   1   0   0   0   0   0   0   0   0   0         -1.7         0        0.9       0      0.0        0.0         0         0   536
  0   1   2   4   2   0   0   0   0   0   0   0   0   0          1.7         0       -0.7       0      0.0        0.0         0         0   537
  0   1  -4   2  -2   0   0   0   0   0   0   0   0   0          1.7         0        0.7       0      0.0        0.0         0         0   538
  0   0   0   0   0   0   0   3  -5   0   0   0   0  -2         -1.7         0       -0.7       0      0.0        0.0         0         0   539
  0   0   0   0   0   0   0   2   0  -4   0   0   0  -2         -1.7         0       -0.7       0      0.0        0.0         0         0   540
  0   0   0   0   0   0   3   0   0   0   0   0   0   2          1.7         0        0.0       0     -0.3       -0.1         0         0   541
  1   1  -2   0   0   0   0   0   0   0   0   0   0   0         -1.7         0          0       0      0.0          0         0         0   542
  0   2   2  -2   0   0   0   0   0   0   0   0   0   0         -1.7         0          0       0      0.0          0         0         0   543
  2   0   0  -2   1   0  -3   3   0   0   0   0   0   0          1.6         0       -0.9       0      0.0        0.0         0         0   544
  3   0   0  -2  -1   0   0   0   0   0   0   0   0   0          1.6         0        0.8       0      0.0        0.0         0         0   545
  1   0  -2  -3  -1   0   0   0   0   0   0   0   0   0         -1.6         0       -0.8       0      0.0        0.0         0         0   546
  0   1   0  -4  -1   0   0   0   0   0   0   0   0   0          1.6         0        0.8       0      0.0        0.0         0         0   547
  0   0   0   0   0   0   0   4  -7   0   0   0   0  -2         -1.6         0       -0.7       0      0.9       -0.4         0         0   548
  0   0   0   0   0   0   7 -11   0   0   0   0   0  -2          1.6         0        0.7       0     -0.3        0.1         0         0   549
  2  -1   2   2   1   0   0   0   0   0   0   0   0   0         -1.6         0        0.7       0      0.0        0.0         0         0   550
  0   1  -2  -4  -1   0   0   0   0   0   0   0   0   0          1.6         0        0.7       0      0.0        0.0         0         0   551
  2   0  -2   2  -2   0   0   0   0   0   0   0   0   0         -1.6         0       -0.6       0      0.0        0.0         0         0   552
  1   0   0  -6   0   0   0   0   0   0   0   0   0   0         -1.6         0       -0.1       0      0.0        0.0         0         0   553
  1   0  -2  -4   0   0   0   0   0   0   0   0   0   0         -1.6         0       -0.1       0      0.0        0.0         0         0   554
  0   0   0   0   0   0   0   4  -6   0   0   0   0   0         -1.6         0          0       0      2.3          0         0         0   555
  1   0   0  -1   0   0   0  -3   4   0   0   0   0   0          1.6         0          0       0      0.8          0         0         0   556
  0   0   0   0   0   0   0   4  -5   0   0   0   0   0          1.6         0          0       0     -0.6          0         0         0   557
  0   0   0   0   0   0   5  -7   0   0   0   0   0   0          1.6         0          0       0     -0.5          0         0         0   558
  0   0   0   0   1   0   0   8 -15   0   0   0   0   0          1.5         0       -0.8       0     -0.7       -0.4         0         0   559
  0   1  -2   1  -1   0   0   0   0   0   0   0   0   0         -1.5         0       -0.8       0      0.0        0.0         0         0   560
  0   0   0   0   1   0   0   1   0  -1   0   0   0   0          1.5         0       -0.8       0      0.0        0.0         0         0   561
  4   0   2   2   2   0   0   0   0   0   0   0   0   0         -1.5         0        0.7       0      0.0        0.0         0         0   562
  2   0  -2  -3  -2   0   0   0   0   0   0   0   0   0         -1.5         0       -0.7       0      0.0        0.0         0         0   563
  1   0   2   0   3   0   0   0   0   0   0   0   0   0          1.5         0        0.3       0      0.0        0.0         0         0   564
  0   0   4  -2   4   0   0   0   0   0   0   0   0   0          1.5         0       -0.3       0      0.0        0.0         0         0   565
  0   0   2  -2   4   0   0   0   0   0   0   0   0   0         -1.5         0        0.3       0      0.0        0.0         0         0   566
  2   0   0  -2   0   0   0  -6   8   0   0   0   0   0          1.5         0          0       0      2.2          0         0         0   567
  2   0   0  -2   0   0   0  -2   0   3  -1   0   0   0         -1.5         0          0       0      0.0          0         0         0   568
  2  -1   0  -4   0   0   0   0   0   0   0   0   0   0          1.5         0          0       0      0.0          0         0         0   569
  0   0   0   3   0   0   0   0   0   0   0   0   0   0         -1.5         0          0       0      0.0          0         0         0   570
  0   0   0   0   0   0   0   2   0   0  -2   0   0   0          1.5         0          0       0      0.0          0         0         0   571
  0   0   0   0   0   0   0   0   0   2  -5   0   0   1          1.4         0        0.8       0    -21.8       11.7         0         0   572
  0   0   0   0   0   0   2  -4   0   0   0   0   0  -1         -1.4         0       -0.8       0     -5.9        3.1         0         0   573
  1   2  -2  -2  -1   0   0   0   0   0   0   0   0   0          1.4         0        0.8       0      0.0        0.0         0         0   574
  0   0   4  -4   1   0   0   0   0   0   0   0   0   0         -1.4         0        0.8       0      0.0        0.0         0         0   575
  0   0   0   0   0   0   0   2  -4   0   0   0   0  -1          1.4         0        0.7       0      2.1       -1.1         0         0   576
  3   0   0  -4   1   0   0   0   0   0   0   0   0   0         -1.4         0        0.7       0      0.0        0.0         0         0   577
  0   0   0   0   0   0   3  -9   4   0   0   0   0  -2         -1.4         0       -0.6       0      0.9       -0.4         0         0   578
  0   0   0   0   0   0   0   8 -15   0   0   0   0  -2          1.4         0        0.6       0      0.8       -0.3         0         0   579
  1   1   0  -2   2   0   0   0   0   0   0   0   0   0          1.4         0       -0.6       0      0.0        0.0         0         0   580
  0   0   0   0   0   0   0   1   0   0   1   0   0   2         -1.4         0        0.6       0      0.0        0.0         0         0   581
  0   0   0   0   0   0   0   6   0   0   0   0   0   0          1.4         0       -0.4       0      0.0        0.0         0         0   582
  0   0   0   0   0   0   5  -3   0   0   0   0   0   2          1.4         0       -0.1       0     -0.3        0.0         0         0   583
  0   0   0   0   0   0   5  -8   0   0   0   0   0   0         -1.4         0          0       0     -3.9          0         0         0   584
  0   0   1  -1   0   0  -8  12   0   0   0   0   0   0          1.4         0          0       0      0.7          0         0         0   585
  3   1   0  -4   0   0   0   0   0   0   0   0   0   0         -1.4         0          0       0      0.0          0         0         0   586
  3   0   0  -6   0   0   0   0   0   0   0   0   0   0         -1.4         0          0       0      0.0          0         0         0   587
  0   0   0   0   0   0   0   0   0   1   0   0   0  -1          1.3         0        0.7       0      5.2       -2.8         0         0   588
  0   0   0   0   1   0   3  -5   0   2   0   0   0   0          1.3         0       -0.7       0      0.0        0.0         0         0   589
  0   0   0   0   0   0   3  -5   4   0   0   0   0   2         -1.3         0        0.6       0      0.9        0.4         0         0   590
  1   1   0  -4   1   0   0   0   0   0   0   0   0   0         -1.3         0        0.6       0      0.0        0.0         0         0   591
  1   0   0  -4  -2   0   0   0   0   0   0   0   0   0          1.3         0        0.6       0      0.0        0.0         0         0   592
  1   0  -2  -2  -2   0   0  -2   0   2   0   0   0   0         -1.3         0       -0.6       0      0.0        0.0         0         0   593
  0   0   0   1   2   0   0   0   0   0   0   0   0   0          1.3         0       -0.6       0      0.0        0.0         0         0   594
  0   0   0   0   0   0   0   1   1   0   0   0   0   2         -1.3         0        0.6       0      0.0        0.0         0         0   595
  1   1   0   0   2   0   0   0   0   0   0   0   0   0          1.3         0       -0.5       0      0.0        0.0         0         0   596
  1   0   0   2  -2   0   0   0   0   0   0   0   0   0         -1.3         0       -0.5       0      0.0        0.0         0         0   597
  0   0   2   6   2   0   0   0   0   0   0   0   0   0         -1.3         0        0.5       0      0.0        0.0         0         0   598
  0   0   0   0   0   0   0   6   0   0   0   0   0   2          1.3         0       -0.2       0      0.9        0.4         0         0   599
  0   0   0   0   0   0   0   1   0   2  -5   0   0   0         -1.3         0          0       0     -3.0          0         0         0   600
  2   0  -2  -4   0   0   0   0   0   0   0   0   0   0         -1.3         0          0       0      0.0          0         0         0   601
  1   0   0  -2   0   0   0  -2   0   3   0   0   0   0         -1.3         0          0       0      0.0          0         0         0   602
  1   0  -4   0   0   0   0   0   0   0   0   0   0   0          1.3         0          0       0      0.0          0         0         0   603
  0   1   0  -1   0   0   0   0   0   0   0   0   0   0          1.3         0          0       0      0.0          0         0         0   604
  0   0   2  -2   0   0  -3   3   0   0   0   0   0   0         -1.3         0          0       0      0.0          0         0         0   605
  0   0   0   0   0   0   9  -9   0   0   0   0   0   0          1.3         0          0       0      0.0          0         0         0   606
  0   0   0   0   0   0   2  -2   0   0   0   0   0  -1         -1.2         0       -0.6       0      5.5       -2.9         0         0   607
  0   0   0   0   0   0   4  -7   0   0   0   0   0  -1          1.2         0        0.6       0     -0.3        0.2         0         0   608
  3   0   0   2   1   0   0   0   0   0   0   0   0   0         -1.2         0        0.6       0      0.0        0.0         0         0   609
  2   0   0  -2  -1   0   0  -2   0   0   5   0   0   0         -1.2         0       -0.6       0      0.0        0.0         0         0   610
  1   1   0  -4  -1   0   0   0   0   0   0   0   0   0          1.2         0        0.6       0      0.0        0.0         0         0   611
  0   0   2   2  -1   0   0   0   0   0   0   0   0   0          1.2         0        0.6       0      0.0        0.0         0         0   612
  0   0   0   0   0   0   0   2   0  -2   5   0   0   2          1.2         0       -0.5       0     -0.6       -0.3         0         0   613
  3  -1   2   2   2   0   0   0   0   0   0   0   0   0         -1.2         0        0.5       0      0.0        0.0         0         0   614
  3  -1   2  -2   2   0   0   0   0   0   0   0   0   0          1.2         0       -0.5       0      0.0        0.0         0         0   615
  1   0   0  -1   2   0   0   0   0   0   0   0   0   0         -1.2         0        0.5       0      0.0        0.0         0         0   616
  1  -2   2  -2   2   0   0   0   0   0   0   0   0   0         -1.2         0        0.5       0      0.0        0.0         0         0   617
  0   1   0   2   2   0   0   0   0   0   0   0   0   0          1.2         0       -0.5       0      0.0        0.0         0         0   618
  0   1  -2  -1  -2   0   0   0   0   0   0   0   0   0         -1.2         0       -0.5       0      0.0        0.0         0         0   619
  0   0   2  -2   2   0  -3   3   0   0   0   0   0   0         -1.2         0        0.5       0      0.0        0.0         0         0   620
  4   0   0  -4   0   0   0   0   0   0   0   0   0   0          1.2         0          0       0      0.0          0         0         0   621
  2   1   0   2   0   0   0   0   0   0   0   0   0   0         -1.2         0          0       0      0.0          0         0         0   622
  1  -1   0   4   0   0   0   0   0   0   0   0   0   0          1.2         0          0       0      0.0          0         0         0   623
  0   0   0   0   0   0   0   0   0   2  -5   0   0   2         -1.2         0          0       0      0.0          0         0         0   624
  0   0   0   0   0   0   0   0   0   2  -5   0   0  -2         -1.1         0       -0.9       0     -2.4        1.1         0         0   625
  0   0   0   0   0   0   3  -5   0   0   0   0   0  -1         -1.1         0       -0.7       0     -4.9        2.6         0         0   626
  0   0   0   0   1   0   0  -2   4   0   0   0   0   0         -1.1         0        0.6       0     -2.1       -1.1         0         0   627
  0   0   1  -1   1   0   8 -14   0   0   0   0   0   0          1.1         0       -0.6       0     -1.2       -0.7         0         0   628
  2   0   0  -2  -1   0  -6   8   0   0   0   0   0   0         -1.1         0       -0.6       0     -0.3        0.1         0         0   629
  1  -1   2  -4   1   0   0   0   0   0   0   0   0   0          1.1         0       -0.6       0      0.0        0.0         0         0   630
  0   0   2  -2   1   0  -2   2   0   0   0   0   0   0          1.1         0       -0.6       0      0.0        0.0         0         0   631
  0   0   0   0   1   0   0  -1   0   1   0   0   0   0          1.1         0       -0.6       0      0.0        0.0         0         0   632
  0   0   0   0   0   0   5  -8   0   0   0   0   0  -2          1.1         0        0.5       0    -26.1       11.3         0         0   633
  0   0   1  -1   2   0   0  -1   0   0   2   0   0   0          1.1         0       -0.5       0      2.4        1.1         0         0   634
  0   0   0   0   0   0   0   2   0   2  -5   0   0   2         -1.1         0        0.5       0     -0.6       -0.3         0         0   635
  0   0   0   0   0   0   0  11   0   0   0   0   0   2         -1.1         0        0.5       0      0.5        0.2         0         0   636
  0   0   0   0   0   0   0   6 -15   0   0   0   0  -2         -1.1         0       -0.5       0      0.5       -0.2         0         0   637
  0   0   0   0   0   0   4  -4   0   0   0   0   0   2          1.1         0       -0.5       0     -0.3       -0.1         0         0   638
  3  -1  -2  -1  -2   0   0   0   0   0   0   0   0   0          1.1         0        0.5       0      0.0        0.0         0         0   639
  0   0   0   0   0   0   0   1  -3   0   0   0   0  -2          1.1         0        0.5       0      0.0        0.0         0         0   640
  1   0  -2   0  -3   0   0   0   0   0   0   0   0   0          1.1         0        0.3       0      0.0        0.0         0         0   641
  0   0   0   0   0   0   0   0   0   0   1   0   0   0          1.1         0          0       0      5.6          0         0         0   642
  0   0   0   0   0   0   0   2   0  -4   0   0   0   0          1.1         0          0       0      0.4          0         0         0   643
  3   0   2  -2   0   0   0   0   0   0   0   0   0   0         -1.1         0          0       0      0.0          0         0         0   644
  2   0   2   2   0   0   0   0   0   0   0   0   0   0          1.1         0          0       0      0.0          0         0         0   645
  1   2   0  -4   0   0   0   0   0   0   0   0   0   0         -1.1         0          0       0      0.0          0         0         0   646
  1  -1   0  -3   0   0   0   0   0   0   0   0   0   0         -1.1         0          0       0      0.0          0         0         0   647
  0   1   0   4   0   0   0   0   0   0   0   0   0   0         -1.1         0          0       0      0.0          0         0         0   648
  0   1  -2   0   0   0   0   0   0   0   0   0   0   0         -1.1         0          0       0      0.0          0         0         0   649
  1  -2   2  -2   1   0   0   0   0   0   0   0   0   0          1.0         0        0.6       0      1.3       -0.5         0         0   650
  4   0  -2  -2  -1   0   0   0   0   0   0   0   0   0          1.0         0        0.6       0      0.0        0.0         0         0   651
  2   1   0  -4  -1   0   0   0   0   0   0   0   0   0         -1.0         0       -0.6       0      0.0        0.0         0         0   652
  0   0   0   3   1   0   0   0   0   0   0   0   0   0          1.0         0       -0.6       0      0.0        0.0         0         0   653
  0   0   1  -1   1   0  -3   4   0   0   0   0   0   0         -1.0         0        0.5       0      4.0        2.1         0         0   654
  0   0   2  -2   1   0   0  -9  13   0   0   0   0   0          1.0         0       -0.5       0     -2.2       -1.2         0         0   655
  0   0   0   0   1   0   3  -7   4   0   0   0   0   0          1.0         0       -0.5       0     -0.6       -0.3         0         0   656
  2   1   0  -4   1   0   0   0   0   0   0   0   0   0         -1.0         0        0.5       0      0.0        0.0         0         0   657
  2   0   2   0  -1   0   0   0   0   0   0   0   0   0          1.0         0        0.5       0      0.0        0.0         0         0   658
  2   0  -4   0  -1   0   0   0   0   0   0   0   0   0          1.0         0        0.5       0      0.0        0.0         0         0   659
  0   0   0   0   0   0   1  -2   0   0   0   0   0   1         -1.0         0        0.5       0      0.0        0.1         0         0   660
  5   0   2  -2   2   0   0   0   0   0   0   0   0   0          1.0         0       -0.4       0      0.0        0.0         0         0   661
  1   2  -2  -4  -2   0   0   0   0   0   0   0   0   0          1.0         0        0.4       0      0.0        0.0         0         0   662
  1   0   4  -4   2   0   0   0   0   0   0   0   0   0         -1.0         0        0.4       0      0.0        0.0         0         0   663
  0   0   4  -1   2   0   0   0   0   0   0   0   0   0         -1.0         0        0.4       0      0.0        0.0         0         0   664
  0   0   0   0   0   0   5  -9   0   0   0   0   0  -2         -1.0         0       -0.4       0      0.0        0.0         0         0   665
  0   0   0   0   0   0   0   5  -3   0   0   0   0   2         -1.0         0        0.4       0      0.0        0.0         0         0   666
  0   0   2  -2   0   0  -5   6   0   0   0   0   0   0          1.0         0          0       0     23.3          0         0         0   667
  2   0   0   4   0   0   0   0   0   0   0   0   0   0          1.0         0          0       0      0.0          0         0         0   668
  1   1  -2   2   0   0   0   0   0   0   0   0   0   0          1.0         0          0       0      0.0          0         0         0   669
  0   0   0   0   0   0   3  -5   0   2   0   0   0   0          1.0         0          0       0      0.0          0         0         0   670
  0   0   0   0   0   0   0   7 -13   0   0   0   0   0          1.0         0          0       0      0.0          0         0         0   671
  0   0   1  -1   1   0   0  -1   0  -4  10   0   0   0          0.9         0       -0.5       0     -2.7       -1.4         0         0   672
  0   0   1  -1   1   0   3  -6   0   0   0   0   0   0         -0.9         0        0.5       0     -1.4       -0.8         0         0   673
  0   0   1  -1   1   0   0  -3   4   0   0   0   0   0          0.9         0       -0.5       0     -1.3       -0.7         0         0   674
  0   0   0   0   0   0   0   0   0   0   0   0   2   1         -0.9         0       -0.5       0     -1.1        0.6         0         0   675
  0   0   0   0   1   0  -3   7  -4   0   0   0   0   0         -0.9         0        0.5       0     -0.5       -0.3         0         0   676
  2   1  -2  -2  -1   0   0   0   0   0   0   0   0   0         -0.9         0       -0.5       0      0.0        0.0         0         0   677
  1  -2   0   0   1   0   0   0   0   0   0   0   0   0          0.9         0       -0.5       0      0.0        0.0         0         0   678
  0   0   0   0   0   0   6  -9   0   0   0   0   0  -1         -0.9         0       -0.5       0      0.0        0.0         0         0   679
  0   0   0   0   0   0   0   3  -6   0   0   0   0  -1          0.9         0        0.5       0      0.0       -0.1         0         0   680
  0   0   0   0   0   0   0   3   0  -3   0   0   0   2          0.9         0       -0.4       0     -1.1       -0.5         0         0   681
  0   0   0   0   0   0   0   0   0   4   0   0   0   2         -0.9         0        0.4       0      0.3        0.1         0         0   682
  2   0   0   2   2   0   0   0   0   0   0   0   0   0          0.9         0       -0.4       0      0.0        0.0         0         0   683
  2  -2   2   0   2   0   0   0   0   0   0   0   0   0         -0.9         0        0.4       0      0.0        0.0         0         0   684
  1   0   0  -3   1   0   0   0   0   0   0   0   0   0          0.9         0       -0.4       0      0.0        0.0         0         0   685
  1  -1  -2  -3  -2   0   0   0   0   0   0   0   0   0          0.9         0        0.4       0      0.0        0.0         0         0   686
  1  -2  -2   0  -2   0   0   0   0   0   0   0   0   0         -0.9         0       -0.4       0      0.0        0.0         0         0   687
  0   0   2  -2  -2   0   0   0   0   0   0   0   0   0          0.9         0        0.4       0      0.0        0.0         0         0   688
  0   0   0   0   0   0   0   5   0  -3   0   0   0   2         -0.9         0        0.4       0      0.0        0.1         0         0   689
  0   1   0  -2   2   0   0   0   0   0   0   0   0   0          0.9         0       -0.3       0      0.0        0.0         0         0   690
  0   0   2   0  -2   0   0   0   0   0   0   0   0   0         -0.9         0       -0.3       0      0.0        0.0         0         0   691
  0   0   1  -1   0   0   0  -1   0  -2   5   0   0   0          0.9         0          0       0     -1.6          0         0         0   692
  0   0   0   0   0   0   0   6 -11   0   0   0   0   0          0.9         0          0       0      0.6          0         0         0   693
  2  -1   0  -1   0   0   0   0   0   0   0   0   0   0         -0.9         0          0       0      0.0          0         0         0   694
  1   3   0  -2   0   0   0   0   0   0   0   0   0   0         -0.9         0          0       0      0.0          0         0         0   695
  0   3   0  -2   0   0   0   0   0   0   0   0   0   0         -0.9         0          0       0      0.0          0         0         0   696
  0   0   0   0   0   0   5  -7   0   0   0   0   0  -1          0.8         0        0.5       0      3.5       -1.9         0         0   697
  0   0   1  -1  -1   0   0   0  -2   0   0   0   0   0         -0.8         0       -0.5       0     -0.3        0.1         0         0   698
  0   0   1  -1   1   0   0  -2   2   0   0   0   0   0         -0.8         0        0.4       0     -4.7       -2.5         0         0   699
  0   0   0   0   0   0   3  -3   0   0   0   0   0  -1         -0.8         0       -0.4       0      3.4       -1.8         0         0   700
  0   0   0   0   0   0   1  -3   0   0   0   0   0  -1         -0.8         0       -0.4       0     -3.1        1.6         0         0   701
  0   0   1  -1   1   0   0  -1   0   0   3   0   0   0         -0.8         0        0.4       0      0.4        0.2         0         0   702
  0   0   0   0   0   0   4  -2   0   0   0   0   0   2          0.8         0       -0.4       0     -0.4        0.0         0         0   703
  0   0   0   0   0   0   0   0   0   0   3   0   0   1          0.8         0       -0.4       0     -0.4       -0.2         0         0   704
  4   0   0   0  -1   0   0   0   0   0   0   0   0   0          0.8         0        0.4       0      0.0        0.0         0         0   705
  3   0   2  -1   2   0   0   0   0   0   0   0   0   0         -0.8         0        0.4       0      0.0        0.0         0         0   706
  3  -1   2   0   1   0   0   0   0   0   0   0   0   0         -0.8         0        0.4       0      0.0        0.0         0         0   707
  2   0   2  -1   1   0   0   0   0   0   0   0   0   0         -0.8         0        0.4       0      0.0        0.0         0         0   708
  1   2   2  -2   1   0   0   0   0   0   0   0   0   0          0.8         0       -0.4       0      0.0        0.0         0         0   709
  1   1   0   2  -1   0   0   0   0   0   0   0   0   0         -0.8         0       -0.4       0      0.0        0.0         0         0   710
  0   2   2   0   1   0   0   0   0   0   0   0   0   0          0.8         0       -0.4       0      0.0        0.0         0         0   711
  0   0   2   0   2   0   1  -1   0   0   0   0   0   0          0.8         0       -0.4       0      0.0        0.0         0         0   712
  0   0   2  -2   1   0   0  -2   0   0   2   0   0   0          0.8         0       -0.4       0      0.0        0.0         0         0   713
  0   0   0   0   1   0   3  -5   0   0   0   0   0   0         -0.8         0        0.4       0      0.0        0.1         0         0   714
  0   0   0   0   0   0   5  -5   0   0   0   0   0   2         -0.8         0        0.4       0      0.0        0.0         0         0   715
  0   0   0   0   0   0   2  -6   0   0   0   0   0  -2          0.8         0        0.4       0      0.0        0.0         0         0   716
  0   0   0   0   0   0   0   5  -9   0   0   0   0  -2         -0.8         0       -0.3       0      1.2       -0.5         0         0   717
  2   2   2  -2   2   0   0   0   0   0   0   0   0   0          0.8         0       -0.3       0      0.0        0.0         0         0   718
  0   0   2   0   2   0  -1   1   0   0   0   0   0   0         -0.8         0        0.3       0      0.0        0.0         0         0   719
  0   0   0   1  -2   0   0   0   0   0   0   0   0   0          0.8         0        0.3       0      0.0        0.0         0         0   720
  0   0   0   0   0   0   2  -3   0   0   0   0   0   0          0.8         0          0       0     61.4          0         0         0   721
  0   0   0   0   0   0   0   1   0   0   0   0   0   0          0.8         0          0       0     -2.7          0         0         0   722
  0   0   0   0   0   0   0   1   0   1   0   0   0   0          0.8         0          0       0      1.1          0         0         0   723
  0   0   0   0   0   0   1  -3   0   0   0   0   0   0          0.8         0          0       0     -0.3          0         0         0   724
  0   0   4  -2   0   0   0   0   0   0   0   0   0   0         -0.8         0          0       0      0.0          0         0         0   725
  0   0   0   0   0   0   8 -12   0   0   0   0   0   0          0.8         0          0       0      0.0          0         0         0   726
  0   0   0   0   0   0   0   4  -4   0   0   0   0   0          0.8         0          0       0      0.0          0         0         0   727
  0   0   0   0   0   0   0   2   0   0   0   0   0   1          0.7         0       -0.4       0     -3.6       -1.5         0         0   728
  0   0   0   0   0   0   1  -1   0   0   0   0   0   1         -0.7         0        0.4       0     -3.2       -1.7         0         0   729
  0   0   1  -1   1   0  -4   5   0   0   0   0   0   0         -0.7         0        0.4       0      2.8        1.5         0         0   730
  3   1   2   0   1   0   0   0   0   0   0   0   0   0          0.7         0       -0.4       0      0.0        0.0         0         0   731
  1   1   2   1   1   0   0   0   0   0   0   0   0   0         -0.7         0        0.4       0      0.0        0.0         0         0   732
  1   1   0  -1   1   0   0   0   0   0   0   0   0   0          0.7         0       -0.4       0      0.0        0.0         0         0   733
  1  -2   0  -2  -1   0   0   0   0   0   0   0   0   0          0.7         0        0.4       0      0.0        0.0         0         0   734
  0   0   2  -2   1   0   0  -2   0   3   0   0   0   0          0.7         0       -0.4       0      0.0        0.0         0         0   735
  0   0   0   0   0   0   3  -4   0   0   0   0   0  -1         -0.7         0       -0.4       0      0.0        0.0         0         0   736
  0   0   0   0   0   0   3  -6   0   0   0   0   0  -1          0.7         0        0.4       0      0.0        0.0         0         0   737
  0   0   0   0   0   0   0   5  -5   0   0   0   0   2          0.7         0       -0.3       0     -1.2       -0.5         0         0   738
  4   0   2  -4   2   0   0   0   0   0   0   0   0   0         -0.7         0        0.3       0      0.0        0.0         0         0   739
  2   0  -4   2  -2   0   0   0   0   0   0   0   0   0          0.7         0        0.3       0      0.0        0.0         0         0   740
  2  -1  -2   0  -2   0   0   0   0   0   0   0   0   0          0.7         0        0.3       0      0.0        0.0         0         0   741
  1   1   4  -2   2   0   0   0   0   0   0   0   0   0          0.7         0       -0.3       0      0.0        0.0         0         0   742
  1   1   2  -4   2   0   0   0   0   0   0   0   0   0          0.7         0       -0.3       0      0.0        0.0         0         0   743
  1   0   2   3   2   0   0   0   0   0   0   0   0   0          0.7         0       -0.3       0      0.0        0.0         0         0   744
  1   0   0   4  -1   0   0   0   0   0   0   0   0   0          0.7         0        0.3       0      0.0        0.0         0         0   745
  1   0  -2  -2  -2   0  -3   3   0   0   0   0   0   0         -0.7         0       -0.3       0      0.0        0.0         0         0   746
  0   0   1  -1   2   0   0   0  -2   0   0   0   0   0         -0.7         0        0.3       0      0.0        0.0         0         0   747
  0   0   0   4   2   0   0   0   0   0   0   0   0   0         -0.7         0        0.3       0      0.0        0.0         0         0   748
  0   0   0   0   0   0   0   4   0   0  -2   0   0   2         -0.7         0        0.3       0      0.0        0.0         0         0   749
  0   0   0   0   0   0   0   0   0   4  -5   0   0   2          0.7         0       -0.3       0      0.0        0.0         0         0   750
  0   0   0   0   0   0   0   0   0   0   0   2   0   2         -0.7         0        0.3       0      0.0        0.0         0         0   751
  0   0   0   0   0   0   0   5  -9   0   0   0   0   0          0.7         0          0       0      1.3          0         0         0   752
  3   0  -2  -2   0   0   0   0   0   0   0   0   0   0          0.7         0          0       0      0.0          0         0         0   753
  2  -2   0   0   0   0   0   0   0   0   0   0   0   0          0.7         0          0       0      0.0          0         0         0   754
  1   1   2  -4   0   0   0   0   0   0   0   0   0   0          0.7         0          0       0      0.0          0         0         0   755
  1   1   0  -3   0   0   0   0   0   0   0   0   0   0          0.7         0          0       0      0.0          0         0         0   756
  1   0   2  -3   0   0   0   0   0   0   0   0   0   0          0.7         0          0       0      0.0          0         0         0   757
  1   0   0  -2   0   0   0   1   0  -1   0   0   0   0          0.7         0          0       0      0.0          0         0         0   758
  1  -1   2  -2   0   0   0   0   0   0   0   0   0   0          0.7         0          0       0      0.0          0         0         0   759
  0   2   0   2   0   0   0   0   0   0   0   0   0   0         -0.7         0          0       0      0.0          0         0         0   760
  0   0   2   4   0   0   0   0   0   0   0   0   0   0          0.7         0          0       0      0.0          0         0         0   761
  0   0   0   0   0   0   3  -7   4   0   0   0   0   0         -0.7         0          0       0      0.0          0         0         0   762
  0   0   0   0   0   0   0   0   0   3   0   0   0   1          0.6         0       -0.4       0      2.3        1.2         0         0   763
  0   0   0   0   0   0   0   0   0   1   0   0   0   1          0.6         0       -0.3       0      5.4        2.9         0         0   764
  0   0   1  -1   1   0   0  -1   0   1   0   0   0   0         -0.6         0        0.3       0     -4.7       -2.5         0         0   765
  0   0   0   0   0   0   0   1  -2   0   0   0   0  -1         -0.6         0       -0.3       0      4.7       -2.5         0         0   766
  0   0   0   0   0   0   4  -4   0   0   0   0   0  -1         -0.6         0       -0.3       0      2.4       -1.3         0         0   767
  0   0   0   0   0   0   0   4  -8   0   0   0   0  -2          0.6         0        0.3       0     -1.0        0.4         0         0   768
  2   0   0  -2  -1   0   0  -5   6   0   0   0   0   0          0.6         0        0.3       0      0.4       -0.2         0         0   769
  0   2  -2   0  -1   0   0   0   0   0   0   0   0   0          0.6         0        0.3       0     -0.3       -0.1         0         0   770
  0   0   0   0   0   0   0   6  -5   0   0   0   0   2         -0.6         0        0.3       0      0.3        0.1         0         0   771
  0   0   0   0   0   0   0   2  -5   0   0   0   0  -2          0.6         0        0.3       0     -0.3        0.2         0         0   772
  2   1   2   1   2   0   0   0   0   0   0   0   0   0         -0.6         0        0.3       0      0.0        0.0         0         0   773
  2   1   2  -4   1   0   0   0   0   0   0   0   0   0          0.6         0       -0.3       0      0.0        0.0         0         0   774
  2   0   2   1   1   0   0   0   0   0   0   0   0   0          0.6         0       -0.3       0      0.0        0.0         0         0   775
  2   0   0  -2  -2   0  -3   3   0   0   0   0   0   0         -0.6         0       -0.3       0      0.0        0.0         0         0   776
  2   0  -2  -6  -1   0   0   0   0   0   0   0   0   0          0.6         0        0.3       0      0.0        0.0         0         0   777
  2   0  -4  -2  -1   0   0   0   0   0   0   0   0   0         -0.6         0       -0.3       0      0.0        0.0         0         0   778
  2  -1   2  -1   2   0   0   0   0   0   0   0   0   0          0.6         0       -0.3       0      0.0        0.0         0         0   779
  1   0   2  -2   2   0   0  -2   0   2   0   0   0   0         -0.6         0        0.3       0      0.0        0.0         0         0   780
  1  -1   0  -4  -1   0   0   0   0   0   0   0   0   0         -0.6         0       -0.3       0      0.0        0.0         0         0   781
  1  -2   2   0   1   0   0   0   0   0   0   0   0   0         -0.6         0        0.3       0      0.0        0.0         0         0   782
  1  -2   0  -2   1   0   0   0   0   0   0   0   0   0          0.6         0       -0.3       0      0.0        0.0         0         0   783
  0   2   2   2   2   0   0   0   0   0   0   0   0   0          0.6         0       -0.3       0      0.0        0.0         0         0   784
  0   2  -2  -4  -2   0   0   0   0   0   0   0   0   0          0.6         0        0.3       0      0.0        0.0         0         0   785
  0   1   2   3   2   0   0   0   0   0   0   0   0   0         -0.6         0        0.3       0      0.0        0.0         0         0   786
  0   1   0  -4   1   0   0   0   0   0   0   0   0   0         -0.6         0        0.3       0      0.0        0.0         0         0   787
  0   0   2   0   2   0   0   1   0  -1   0   0   0   0         -0.6         0        0.3       0      0.0        0.0         0         0   788
  0   0   2   0   2   0   0  -1   0   1   0   0   0   0          0.6         0       -0.3       0      0.0        0.0         0         0   789
  0   0   0   0   1   0   2  -2   0   0   0   0   0   0          0.6         0       -0.3       0      0.0        0.0         0         0   790
  0   0   0   0   0   0   8 -16   0   0   0   0   0  -2          0.6         0        0.3       0      0.0        0.0         0         0   791
  0   0   0   0   0   0   0   2   0  -2   0   0   0   2         -0.6         0        0.3       0      0.0       -0.1         0         0   792
  0   0   0   0   0   0   0   0   0   0   5   0   0   2         -0.6         0        0.3       0      0.0        0.0         0         0   793
  0   0   0   0   0   0   0   0   0   0   0   0   2   2         -0.6         0        0.3       0      0.0        0.0         0         0   794
  0   0   0   0   0   0   0   6  -6   0   0   0   0   2          0.6         0       -0.2       0     -0.9       -0.4         0         0   795
  4  -1   2   0   2   0   0   0   0   0   0   0   0   0         -0.6         0        0.2       0      0.0        0.0         0         0   796
  2   2  -2  -4  -2   0   0   0   0   0   0   0   0   0          0.6         0        0.2       0      0.0        0.0         0         0   797
  0   0   0   0   0   0   8 -12   0   0   0   0   0  -2          0.6         0        0.2       0      0.0        0.0         0         0   798
  0   0   0   0   0   0   0   4  -6   0   0   0   0  -2         -0.6         0       -0.2       0      0.0        0.0         0         0   799
  1   0  -2  -2  -3   0   0   0   0   0   0   0   0   0         -0.6         0       -0.1       0      0.0        0.0         0         0   800
  0   0   0   0   0   0   0   1   0   0  -2   0   0   0         -0.6         0          0       0      2.0          0         0         0   801
  0   0   0   0   0   0   2  -1   0   0   0   0   0   0          0.6         0          0       0      1.9          0         0         0   802
  2   0   0  -2   0   0   0  -2   0   4  -3   0   0   0          0.6         0          0       0     -0.9          0         0         0   803
  5   0   0   0   0   0   0   0   0   0   0   0   0   0          0.6         0          0       0      0.0          0         0         0   804
  3   0   0  -3   0   0   0   0   0   0   0   0   0   0         -0.6         0          0       0      0.0          0         0         0   805
  2   2   0  -4   0   0   0   0   0   0   0   0   0   0         -0.6         0          0       0      0.0          0         0         0   806
  1   0   0   0   0   0   0  -2   0   2   0   0   0   0         -0.6         0          0       0      0.0          0         0         0   807
  1   0   0  -2   0   0   2  -2   0   0   0   0   0   0          0.6         0          0       0      0.0          0         0         0   808
  1  -1   2   2   0   0   0   0   0   0   0   0   0   0          0.6         0          0       0      0.0          0         0         0   809
  0   1   0   3   0   0   0   0   0   0   0   0   0   0          0.6         0          0       0      0.0          0         0         0   810
  0   0   0   0   0   0   0   0   2   0   0   0   0   0          0.6         0          0       0      0.0          0         0         0   811
  1  -1   0  -2  -2   0   0   0   0   0   0   0   0   0         -0.5         0        5.3       0      0.0        0.0         0         0   812
  0   0   0   0   0   0   0   2   0   0   0   0   0   0         -0.5         0       -3.5       0      0.0        0.0         0         0   813
  0   0   0   0   0   0   1   1   0   0   0   0   0   1          0.5         0       -0.3       0     -2.3       -1.2         0         0   814
  0   0   1  -1   1   0  -1   0   0   0   0   0   0   0          0.5         0       -0.3       0      2.1        1.1         0         0   815
  0   0   0   0   0   0   8 -13   0   0   0   0   0   1          0.5         0        0.3       0     -0.6        0.3         0         0   816
  2   0  -1  -1  -1   0   0   3  -7   0   0   0   0   0          0.5         0        0.3       0     -0.4        0.2         0         0   817
  0   0   0   0   1   0   0  -8  15   0   0   0   0   0         -0.5         0        0.3       0     -0.3       -0.1         0         0   818
  3   0   0  -2   1   0   0   0   0   0   0   0   0   0          0.5         0       -0.3       0      0.0        0.0         0         0   819
  2   1  -2   0   1   0   0   0   0   0   0   0   0   0          0.5         0       -0.3       0      0.0        0.0         0         0   820
  2   0   4  -2   1   0   0   0   0   0   0   0   0   0          0.5         0       -0.3       0      0.0        0.0         0         0   821
  2   0   0  -2  -1   0   0  -2   0   4  -5   0   0   0          0.5         0        0.3       0      0.0        0.0         0         0   822
  2   0   0  -2  -1   0  -3   3   0   0   0   0   0   0          0.5         0        0.3       0      0.0        0.0         0         0   823
  2   0   0  -3  -1   0   0   0   0   0   0   0   0   0          0.5         0        0.3       0      0.0        0.0         0         0   824
  2  -1   2  -2   1   0   0   0   0   0   0   0   0   0          0.5         0       -0.3       0      0.0        0.0         0         0   825
  2  -2   0  -2   1   0   0   0   0   0   0   0   0   0          0.5         0       -0.3       0      0.0        0.0         0         0   826
  1   0   0  -1  -1   0   0  -2   2   0   0   0   0   0         -0.5         0       -0.3       0      0.0        0.0         0         0   827
  1   0   0  -6  -1   0   0   0   0   0   0   0   0   0          0.5         0        0.3       0      0.0        0.0         0         0   828
  1   0  -1  -1  -1   0  20 -20   0   0   0   0   0   0         -0.5         0       -0.3       0      0.0        0.0         0         0   829
  1  -2   0   0  -1   0   0   0   0   0   0   0   0   0          0.5         0        0.3       0      0.0        0.0         0         0   830
  1  -2  -2  -2  -1   0   0   0   0   0   0   0   0   0         -0.5         0       -0.3       0      0.0        0.0         0         0   831
  0   1   4  -2   1   0   0   0   0   0   0   0   0   0          0.5         0       -0.3       0      0.0        0.0         0         0   832
  0   0   2   3   1   0   0   0   0   0   0   0   0   0          0.5         0       -0.3       0      0.0        0.0         0         0   833
  0   0   2  -2   1   0   0  -1   0   1   0   0   0   0          0.5         0       -0.3       0      0.0        0.0         0         0   834
  0   0   0   0   0   0   2  -1   0   0   0   0   0   2          0.5         0       -0.2       0    -17.3       -7.5         0         0   835
  0   0   0   0   0   0   6  -8   0   0   0   0   0  -1          0.5         0        0.2       0      1.9       -1.0         0         0   836
  0   0   0   0   0   0   0   3   0   2  -5   0   0   2          0.5         0       -0.2       0      1.2        0.5         0         0   837
  0   0   0   0   0   0   2  -3   0   0   0   0   0  -2         -0.5         0       -0.2       0     -1.1        0.5         0         0   838
  0   0   0   0   0   0   0   3   0   1   0   0   0   2         -0.5         0        0.2       0     -1.1       -0.5         0         0   839
  0   0   0   0   0   0   0   1  -5   0   0   0   0  -2          0.5         0        0.2       0     -0.9        0.4         0         0   840
  0   0   0   0   0   0   0   1   0   3   0   0   0   2         -0.5         0        0.2       0     -0.7       -0.3         0         0   841
  0   0   0   0   0   0   1   0   0   0   0   0   0   2         -0.5         0        0.2       0      0.6        0.3         0         0   842
  0   0   0   0   2   0   0  -1   2   0   0   0   0   0         -0.5         0        0.2       0     -0.4       -0.2         0         0   843
  0   0   1  -1   1   0   0  -1   0  -2   4   0   0   0          0.5         0       -0.2       0      0.3        0.2         0         0   844
  0   0   0   0   0   0   0   5  -8   0   0   0   0  -2         -0.5         0       -0.2       0      0.3       -0.1         0         0   845
  4   1   2   0   2   0   0   0   0   0   0   0   0   0          0.5         0       -0.2       0      0.0        0.0         0         0   846
  4  -1  -2  -2  -2   0   0   0   0   0   0   0   0   0         -0.5         0       -0.2       0      0.0        0.0         0         0   847
  2   1   0  -2  -2   0   0   0   0   0   0   0   0   0         -0.5         0       -0.2       0      0.0        0.0         0         0   848
  2   1  -2  -6  -2   0   0   0   0   0   0   0   0   0          0.5         0        0.2       0      0.0        0.0         0         0   849
  2   0   0  -1   1   0   0   0   0   0   0   0   0   0          0.5         0       -0.2       0      0.0        0.0         0         0   850
  2  -1  -2   2  -1   0   0   0   0   0   0   0   0   0          0.5         0        0.2       0      0.0        0.0         0         0   851
  1   1  -2   2  -2   0   0   0   0   0   0   0   0   0          0.5         0        0.2       0      0.0        0.0         0         0   852
  1   1  -2  -3  -2   0   0   0   0   0   0   0   0   0         -0.5         0       -0.2       0      0.0        0.0         0         0   853
  1   0  -2   1   1   0   0   0   0   0   0   0   0   0         -0.5         0        0.2       0      0.0        0.0         0         0   854
  1   0  -2   0   2   0   0   0   0   0   0   0   0   0         -0.5         0        0.2       0      0.0        0.0         0         0   855
  1   0  -2   0  -2   0 -10   3   0   0   0   0   0   0          0.5         0        0.2       0      0.0       -0.1         0         0   856
  1   0  -2  -2  -2   0   0  -2   0   3   0   0   0   0          0.5         0        0.2       0      0.0        0.0         0         0   857
  1  -1   2   1   2   0   0   0   0   0   0   0   0   0          0.5         0       -0.2       0      0.0        0.0         0         0   858
  1  -1   0   0  -2   0   0   0   0   0   0   0   0   0         -0.5         0       -0.2       0      0.0        0.0         0         0   859
  1  -1  -4   2  -2   0   0   0   0   0   0   0   0   0          0.5         0        0.2       0      0.0        0.0         0         0   860
  0   3  -2  -2  -2   0   0   0   0   0   0   0   0   0          0.5         0        0.2       0      0.0        0.0         0         0   861
  0   1   0   4   1   0   0   0   0   0   0   0   0   0          0.5         0       -0.2       0      0.0        0.0         0         0   862
  0   0   4   2   2   0   0   0   0   0   0   0   0   0          0.5         0       -0.2       0      0.0        0.0         0         0   863
  0   0   2  -2   2   0   0  -2   0   2   0   0   0   0         -0.5         0        0.2       0      0.0        0.0         0         0   864
  0   0   1  -1   2   0   0  -1   0   0   1   0   0   0         -0.5         0        0.2       0      0.0        0.0         0         0   865
  0   0   1  -1   2   0  -5   7   0   0   0   0   0   0         -0.5         0        0.2       0      0.0        0.0         0         0   866
  0   0   0   0   1   0   0   2  -2   0   0   0   0   0          0.5         0       -0.2       0      0.0        0.0         0         0   867
  0   0   0   0   0   0   4  -5   0   0   0   0   0  -1         -0.5         0       -0.2       0      0.0        0.0         0         0   868
  0   0   0   0   0   0   0   4   0  -4   0   0   0   2         -0.5         0        0.2       0      0.0        0.0         0         0   869
  0   0   0   0   0   0   0   2   0  -5   0   0   0  -2         -0.5         0       -0.2       0      0.0        0.0         0         0   870
  0   0   0   0   0   0   0   1   0  -2   0   0   0  -2          0.5         0        0.2       0      0.0        0.0         0         0   871
  0   0   0   0   0   0   0   1   0  -5   0   0   0  -2         -0.5         0       -0.2       0      0.0        0.0         0         0   872
  0   0   0   0   0   0   3  -4   0   0   0   0   0   0         -0.5         0          0       0     32.8          0         0         0   873
  0   0   0   0   0   0   0   5  -7   0   0   0   0   0          0.5         0          0       0     -0.7          0         0         0   874
  0   0   0   0   0   0   0   9 -17   0   0   0   0   0          0.5         0          0       0     -0.6          0         0         0   875
  0   0   0   0   0   0   2  -4   0   0   0   0   0   0          0.5         0          0       0     -0.5          0         0         0   876
  0   0   0   0   0   1   0  -4   0   0   0   0   0   0          0.5         0          0       0      0.3          0         0         0   877
  3   0   0  -2   0   0   0   0   0   0   0   0   0   0         -0.5         0          0       0      0.0          0         0         0   878
  2   0   0  -2   0   0   0  -4   8  -3   0   0   0   0         -0.5         0          0       0      0.0          0         0         0   879
  2   0   0  -2   0   0  -2   2   0   0   0   0   0   0          0.5         0          0       0      0.0          0         0         0   880
  1   0   0   0   0   0  -1   1   0   0   0   0   0   0          0.5         0          0       0      0.0          0         0         0   881
  1   0   0  -1   0   0   0  -2   2   0   0   0   0   0          0.5         0          0       0      0.0          0         0         0   882
  0   2   0  -4   0   0   0   0   0   0   0   0   0   0         -0.5         0          0       0      0.0          0         0         0   883
  0   0   2  -2   0   0   0  -2   0   2   0   0   0   0         -0.5         0          0       0      0.0          0         0         0   884
  0   0   2  -4   0   0   0   0   0   0   0   0   0   0         -0.5         0          0       0      0.0          0         0         0   885
  0   0   1  -1   0   0   0   0   0   0   0   0   0   0         -0.5         0          0       0      0.0          0         0         0   886
  0   0   0   6   0   0   0   0   0   0   0   0   0   0          0.5         0          0       0      0.0          0         0         0   887
  0   0   0   0   0   0   0   3   0  -4   0   0   0   0          0.5         0          0       0      0.0          0         0         0   888
  0   0   0   0   1   0   0   0   0   0   1   0   0   0          0.4         0       -0.2       0      2.4        1.3         0         0   889
  0   0   0   0   0   0   0   2   0  -2   0   0   0   1         -0.4         0        0.2       0      2.1        1.1         0         0   890
  0   0   0   0   0   0   5  -5   0   0   0   0   0  -1         -0.4         0       -0.2       0      1.7       -0.9         0         0   891
  0   0   0   0   0   0   1   2   0   0   0   0   0   2          0.4         0       -0.2       0      1.7        0.7         0         0   892
  0   0   0   0   1   0   0   0   0  -1   0   0   0   0          0.4         0       -0.2       0      1.5        0.8         0         0   893
  0   0   0   0   0   0   2   0   0   0   0   0   0   1          0.4         0       -0.2       0     -1.5       -0.8         0         0   894
  0   0   0   0   0   1   0  -4   0   0   0   0   0  -2          0.4         0        0.2       0      1.0       -0.4         0         0   895
  0   0   0   0   1   0   0   2  -4   0   0   0   0   0         -0.4         0        0.2       0      0.8        0.4         0         0   896
  0   0   0   0   0   0   0   7 -13   0   0   0   0  -2          0.4         0        0.2       0      0.8       -0.3         0         0   897
  0   0   0   0   0   0   0   2   2   0   0   0   0   2         -0.4         0        0.2       0      0.4        0.2         0         0   898
  1   0   0  -1   1   0   0  -3   4   0   0   0   0   0          0.4         0       -0.2       0      0.3        0.1         0         0   899
  3   1   2  -2   1   0   0   0   0   0   0   0   0   0          0.4         0       -0.2       0      0.0        0.0         0         0   900
  3   0   4  -2   2   0   0   0   0   0   0   0   0   0          0.4         0       -0.2       0      0.0        0.0         0         0   901
  3   0   2   1   2   0   0   0   0   0   0   0   0   0          0.4         0       -0.2       0      0.0        0.0         0         0   902
  3   0   0   2  -1   0   0   0   0   0   0   0   0   0          0.4         0        0.2       0      0.0        0.0         0         0   903
  3   0   0   0   2   0   0   0   0   0   0   0   0   0         -0.4         0        0.2       0      0.0        0.0         0         0   904
  3   0  -2   2  -1   0   0   0   0   0   0   0   0   0          0.4         0        0.2       0      0.0        0.0         0         0   905
  2   0   4  -4   2   0   0   0   0   0   0   0   0   0         -0.4         0        0.2       0      0.0        0.0         0         0   906
  2   0   2   0   1   0   0   1   0   0   0   0   0   0          0.4         0       -0.2       0      0.0       -0.1         0         0   907
  2   0   2  -3   2   0   0   0   0   0   0   0   0   0         -0.4         0        0.2       0      0.0        0.0         0         0   908
  2   0   0   4   1   0   0   0   0   0   0   0   0   0         -0.4         0        0.2       0      0.0        0.0         0         0   909
  2   0   0  -3   1   0   0   0   0   0   0   0   0   0          0.4         0       -0.2       0      0.0        0.0         0         0   910
  2   0  -2  -2   1   0   0   0   0   0   0   0   0   0          0.4         0       -0.2       0      0.0        0.0         0         0   911
  2   0  -4   2  -1   0   0   0   0   0   0   0   0   0          0.4         0        0.2       0      0.0        0.0         0         0   912
  2  -1   0   2   1   0   0   0   0   0   0   0   0   0         -0.4         0        0.2       0      0.0        0.0         0         0   913
  2  -1   0   2  -1   0   0   0   0   0   0   0   0   0          0.4         0        0.2       0      0.0        0.0         0         0   914
  2  -2   2   2   2   0   0   0   0   0   0   0   0   0         -0.4         0        0.2       0      0.0        0.0         0         0   915
  2  -2   0  -2  -2   0   0   0   0   0   0   0   0   0         -0.4         0       -0.2       0      0.0        0.0         0         0   916
  1   1   2   4   2   0   0   0   0   0   0   0   0   0          0.4         0       -0.2       0      0.0        0.0         0         0   917
  1   1   0   1   1   0   0   0   0   0   0   0   0   0          0.4         0       -0.2       0      0.0        0.0         0         0   918
  1   1   0   1  -1   0   0   0   0   0   0   0   0   0          0.4         0        0.2       0      0.0        0.0         0         0   919
  1   1  -2  -6  -2   0   0   0   0   0   0   0   0   0          0.4         0        0.2       0      0.0        0.0         0         0   920
  1   0   0  -1   1   0   0  -1   0   1   0   0   0   0          0.4         0       -0.2       0      0.0        0.0         0         0   921
  1   0   0  -3  -1   0   0   0   0   0   0   0   0   0          0.4         0        0.2       0      0.0        0.0         0         0   922
  1   0  -2  -6  -1   0   0   0   0   0   0   0   0   0          0.4         0        0.2       0      0.0        0.0         0         0   923
  1   0  -4  -2  -1   0   0   0   0   0   0   0   0   0         -0.4         0       -0.2       0      0.0        0.0         0         0   924
  1  -1  -2  -4  -1   0   0   0   0   0   0   0   0   0         -0.4         0       -0.2       0      0.0        0.0         0         0   925
  1  -2   2   2   1   0   0   0   0   0   0   0   0   0         -0.4         0        0.2       0      0.0        0.0         0         0   926
  1  -2  -2   2  -1   0   0   0   0   0   0   0   0   0          0.4         0        0.2       0      0.0        0.0         0         0   927
  0   2   0   0   2   0   0   0   0   0   0   0   0   0          0.4         0       -0.2       0      0.0        0.0         0         0   928
  0   1   2  -4   2   0   0   0   0   0   0   0   0   0          0.4         0       -0.2       0      0.0        0.0         0         0   929
  0   1  -2   4  -1   0   0   0   0   0   0   0   0   0         -0.4         0       -0.2       0      0.0        0.0         0         0   930
  0   0   2  -2   1   0   0   1   0  -1   0   0   0   0         -0.4         0        0.2       0      0.0        0.0         0         0   931
  0   0   2  -2   1   0   0  -3   0   3   0   0   0   0          0.4         0       -0.2       0      0.0        0.0         0         0   932
  0   0   2  -2   1   0  -5   5   0   0   0   0   0   0          0.4         0       -0.2       0      0.0        0.0         0         0   933
  0   0   1  -1   2   0  -8  12   0   0   0   0   0   0         -0.4         0        0.2       0      0.0        0.0         0         0   934
  0   0   1  -1   1   0   1  -3   0   0   0   0   0   0         -0.4         0        0.2       0      0.0        0.0         0         0   935
  0   0   1  -1   1   0   0  -4   6   0   0   0   0   0          0.4         0       -0.2       0      0.0        0.0         0         0   936
  0   0   0   0   1   0  -2   2   0   0   0   0   0   0          0.4         0       -0.2       0      0.0        0.0         0         0   937
  0   0   0   0   0   0   7 -10   0   0   0   0   0  -1         -0.4         0       -0.2       0      0.0        0.0         0         0   938
  0   0   0   0   0   0   2  -5   0   0   0   0   0  -1          0.4         0        0.2       0      0.0        0.0         0         0   939
  0   0   0   0   0   0   1  -2   0   0   0   0   0  -1          0.4         0        0.2       0      0.0        0.0         0         0   940
  0   0   0   0   0   0   0   3  -8   3   0   0   0  -2          0.4         0        0.2       0      0.0        0.0         0         0   941
  0   0   0   0   0   0   0   2  -4   0   0   0   0   1          0.4         0       -0.2       0      0.0        0.0         0         0   942
  0   0   0   0   0   0   0   1   0   0   0   0   0  -1          0.4         0        0.2       0      0.0        0.0         0         0   943
  0   2   0   0  -2   0   0   0   0   0   0   0   0   0         -0.4         0       -0.1       0      0.0        0.0         0         0   944
  0   0   0   0   0   0   1   0   0   0   0   0   0   0         -0.4         0          0       0     -2.8          0         0         0   945
  0   0   0   0   0   0   0   3   0  -2   0   0   0   0         -0.4         0          0       0     -1.2          0         0         0   946
  0   0   1  -1   0   0   0  -1   0   0   2   0   0   0          0.4         0          0       0      0.9          0         0         0   947
  0   0   0   0   0   0   0   1   0  -4   0   0   0   0         -0.4         0          0       0      0.4          0         0         0   948
  4   0   0   2   0   0   0   0   0   0   0   0   0   0          0.4         0          0       0      0.0          0         0         0   949
  3   0   0  -1   0   0   0   0   0   0   0   0   0   0          0.4         0          0       0      0.0          0         0         0   950
  3  -1   0   2   0   0   0   0   0   0   0   0   0   0          0.4         0          0       0      0.0          0         0         0   951
  2   1   0   1   0   0   0   0   0   0   0   0   0   0          0.4         0          0       0      0.0          0         0         0   952
  2   1   0  -6   0   0   0   0   0   0   0   0   0   0         -0.4         0          0       0      0.0          0         0         0   953
  2   0   0  -2   0   0   0  -2   0   2   2   0   0   0         -0.4         0          0       0      0.0          0         0         0   954
  2   0   0  -2   0   0   0  -4   4   0   0   0   0   0          0.4         0          0       0      0.0          0         0         0   955
  2  -1   2   0   0   0   0   0   0   0   0   0   0   0          0.4         0          0       0      0.0          0         0         0   956
  1   0   2  -1   0   0   0   0   0   0   0   0   0   0          0.4         0          0       0      0.0          0         0         0   957
  1   0   0   0   0   0   1  -1   0   0   0   0   0   0         -0.4         0          0       0      0.0          0         0         0   958
  1   0   0   0   0   0   0  -1   0   1   0   0   0   0         -0.4         0          0       0      0.0          0         0         0   959
  1   0   0   0   0   0  -3   3   0   0   0   0   0   0         -0.4         0          0       0      0.0          0         0         0   960
  1   0   0  -2   0   0   1  -1   0   0   0   0   0   0         -0.4         0          0       0      0.0          0         0         0   961
  1   0   0  -2   0   0  -2   2   0   0   0   0   0   0         -0.4         0          0       0      0.0          0         0         0   962
  1  -1   0   1   0   0   0   0   0   0   0   0   0   0         -0.4         0          0       0      0.0          0         0         0   963
  1  -1  -2  -2   0   0   0   0   0   0   0   0   0   0          0.4         0          0       0      0.0          0         0         0   964
  0   2  -2   2  -3   0   0   0   0   0   0   0   0   0          0.4         0          0       0      0.0          0         0         0   965
  0   1   2   2   0   0   0   0   0   0   0   0   0   0         -0.4         0          0       0      0.0          0         0         0   966
  0   0   2   2   3   0   0   0   0   0   0   0   0   0          0.4         0          0       0      0.0          0         0         0   967
  0   0   2  -2   0   0  -4   4   0   0   0   0   0   0         -0.4         0          0       0      0.0          0         0         0   968
  0   0   2  -3   0   0   0   0   0   0   0   0   0   0          0.4         0          0       0      0.0          0         0         0   969
  0   0   1  -1   0   0   0  -1   0   0   1   0   0   0          0.4         0          0       0      0.0          0         0         0   970
  0   0   0   2   0   0   0  -1   0   1   0   0   0   0         -0.4         0          0       0      0.0          0         0         0   971
  0   0   0   0   0   0   1   1   0   0   0   0   0   0         -0.4         0          0       0      0.0          0         0         0   972
  0   0   0   0   0   0   0   0   0   2  -2   0   0   0         -0.4         0          0       0      0.0          0         0         0   973
  0   0   0   0   0   0   3  -5   0   0   0   0   0   1         -0.3         0        0.3       0     -0.9       -0.5         0         0   974
  0   0   1   1   1   0   0   1   0   0   0   0   0   0         -0.3         0        0.2       0      2.8        1.5         0         0   975
  0   0   0   0   0   0   6  -6   0   0   0   0   0  -1         -0.3         0       -0.2       0      1.3       -0.7         0         0   976
  0   0   0   0   0   0   7  -9   0   0   0   0   0  -1          0.3         0        0.2       0      1.2       -0.6         0         0   977
  0   0   1  -1   1   0   0  -1   0   3   0   0   0   0         -0.3         0        0.2       0     -0.9       -0.5         0         0   978
  2   0  -1  -1  -1   0   0  -1   0   3   0   0   0   0          0.3         0        0.2       0      0.7       -0.4         0         0   979
  2   0   0  -2   1   0   0  -6   8   0   0   0   0   0          0.3         0       -0.2       0      0.5        0.3         0         0   980
  0   0   1  -1   1   0   0  -1   0   0  -2   0   0   0          0.3         0       -0.2       0     -0.4       -0.2         0         0   981
  0   0   0   0   0   0   2  -3   0   0   0   0   0   1          0.3         0       -0.2       0     -0.3       -0.1         0         0   982
  4   0  -2   0  -1   0   0   0   0   0   0   0   0   0          0.3         0        0.2       0      0.0        0.0         0         0   983
  3   0  -2  -1  -1   0   0   0   0   0   0   0   0   0         -0.3         0       -0.2       0      0.0        0.0         0         0   984
  3   0  -2  -6  -1   0   0   0   0   0   0   0   0   0          0.3         0        0.2       0      0.0        0.0         0         0   985
  2   1   2   2   1   0   0   0   0   0   0   0   0   0          0.3         0       -0.2       0      0.0        0.0         0         0   986
  2   1   0   2   1   0   0   0   0   0   0   0   0   0          0.3         0       -0.2       0      0.0        0.0         0         0   987
  2   0   2   4   1   0   0   0   0   0   0   0   0   0         -0.3         0        0.2       0      0.0        0.0         0         0   988
  2   0   2  -2  -1   0   0   0   0   0   0   0   0   0         -0.3         0       -0.2       0      0.0        0.0         0         0   989
  2   0   2  -6   1   0   0   0   0   0   0   0   0   0         -0.3         0        0.2       0      0.0        0.0         0         0   990
  2   0   0  -2   1   0   0  -5   6   0   0   0   0   0          0.3         0       -0.2       0      0.0        0.0         0         0   991
  2   0   0  -2  -1   0   0  -2   0   3  -1   0   0   0         -0.3         0       -0.2       0      0.0        0.0         0         0   992
  2   0   0  -6  -1   0   0   0   0   0   0   0   0   0          0.3         0        0.2       0      0.0        0.0         0         0   993
  2   0  -1  -1   1   0   0   3  -7   0   0   0   0   0          0.3         0       -0.2       0      0.0       -0.1         0         0   994
  2  -1  -2  -2  -1   0   0   0   0   0   0   0   0   0          0.3         0        0.2       0      0.0        0.0         0         0   995
  1   2   2   0   1   0   0   0   0   0   0   0   0   0          0.3         0       -0.2       0      0.0        0.0         0         0   996
  1   2   0   0   1   0   0   0   0   0   0   0   0   0         -0.3         0        0.2       0      0.0        0.0         0         0   997
  1   0   4   0   1   0   0   0   0   0   0   0   0   0          0.3         0       -0.2       0      0.0        0.0         0         0   998
  1   0   2  -4  -1   0   0   0   0   0   0   0   0   0          0.3         0        0.2       0      0.0        0.0         0         0   999
  1   0   2  -6   1   0   0   0   0   0   0   0   0   0         -0.3         0        0.2       0      0.0        0.0         0         0  1000
  1   0   0  -1  -1   0   0  -3   4   0   0   0   0   0          0.3         0        0.2       0      0.0        0.0         0         0  1001
  1   0   0  -2   1   0   0  -2   0   2   0   0   0   0          0.3         0       -0.2       0      0.0        0.0         0         0  1002
  1   0   0  -2  -1   0   0  -2   0   2   0   0   0   0          0.3         0        0.2       0      0.0        0.0         0         0  1003
  1   0  -1   0  -1   0  -3   5   0   0   0   0   0   0          0.3         0        0.2       0      0.0        0.0         0         0  1004
  1  -1   2   4   1   0   0   0   0   0   0   0   0   0         -0.3         0        0.2       0      0.0        0.0         0         0  1005
  1  -1   2  -3   1   0   0   0   0   0   0   0   0   0          0.3         0       -0.2       0      0.0        0.0         0         0  1006
  1  -1   0   4   1   0   0   0   0   0   0   0   0   0         -0.3         0        0.2       0      0.0        0.0         0         0  1007
  1  -1  -2   1  -1   0   0   0   0   0   0   0   0   0          0.3         0        0.2       0      0.0        0.0         0         0  1008
  0   0   2  -2   1   0   0  -2   0   0   0   0   0   0         -0.3         0        0.2       0      0.0        0.0         0         0  1009
  0   0   2  -2   1   0   0  -4   4   0   0   0   0   0          0.3         0       -0.2       0      0.0        0.0         0         0  1010
  0   0   1  -1   1   0   0   1  -4   0   0   0   0   0          0.3         0       -0.2       0      0.0        0.0         0         0  1011
  0   0   0   0   1   0   0   7 -13   0   0   0   0   0         -0.3         0        0.2       0      0.0        0.0         0         0  1012
  0   0   0   0   1   0   0   2   0  -2   0   0   0   0         -0.3         0        0.2       0      0.0        0.0         0         0  1013
  0   0   0   0   1   0   0  -2   2   0   0   0   0   0          0.3         0       -0.2       0      0.0        0.0         0         0  1014
  0   0   0   0   0   0   5  -6   0   0   0   0   0  -1         -0.3         0       -0.2       0      0.0        0.0         0         0  1015
  0   0   0   0   0   0   3  -4   0   0   0   0   0   1          0.3         0       -0.2       0      0.0        0.0         0         0  1016
  0   0   0   0   0   0   1  -4   0   0   0   0   0  -1          0.3         0        0.2       0      0.0        0.0         0         0  1017
  0   0   0   0   0   0   0   9 -17   0   0   0   0  -2         -0.3         0       -0.2       0      0.0        0.0         0         0  1018
  0   0   0   0   0   0   0   4  -7   0   0   0   0  -1         -0.3         0       -0.2       0      0.0        0.0         0         0  1019
  0   0   0   0   0   0   0   4  -8   3   0   0   0   1          0.3         0       -0.2       0      0.0        0.0         0         0  1020
  0   0   0   0   0   0   0   4  -8   3   0   0   0  -1          0.3         0        0.2       0      0.0        0.0         0         0  1021
  0   0   0   0   0   0   4  -7   0   0   0   0   0  -2         -0.3         0       -0.1       0      6.6       -2.9         0         0  1022
  0   0   0   0   0   0   0   4   0  -1   0   0   0   2         -0.3         0        0.1       0     -3.2       -1.4         0         0  1023
  0   0   0   0   0   0   2  -2   0   0   0   0   0   1         -0.3         0        0.1       0     -1.3       -0.7         0         0  1024
  0   0   0   0   0   0   3  -3   0   0   0   0   0   1          0.3         0       -0.1       0      1.2        0.6         0         0  1025
  0   0   0   0   0   0   0   5   0  -2   0   0   0   2          0.3         0       -0.1       0      1.2        0.5         0         0  1026
  0   0   0   0   0   0   5  -6   0   0   0   0   0   2          0.3         0       -0.1       0      1.0        0.4         0         0  1027
  0   0   0   0   0   0   5 -10   0   0   0   0   0  -2          0.3         0        0.1       0      0.8       -0.4         0         0  1028
  0   0   0   0   0   0   1  -2   0   0   0   0   0  -2          0.3         0        0.1       0     -0.6        0.2         0         0  1029
  0   0   1  -1   2   0   0  -1   0  -2   5   0   0   0         -0.3         0        0.1       0      0.5        0.2         0         0  1030
  0   0   0   0   0   0   0   2  -6   0   0   0   0  -2          0.3         0        0.1       0     -0.5        0.2         0         0  1031
  0   0   0   0   1   0   0  -9  17   0   0   0   0   0         -0.3         0        0.1       0     -0.4       -0.2         0         0  1032
  0   0   0   0   0   0   1  -4   0   0   0   0   0  -2         -0.3         0       -0.1       0     -0.4        0.2         0         0  1033
  5   0   2   0   1   0   0   0   0   0   0   0   0   0         -0.3         0        0.1       0      0.0        0.0         0         0  1034
  4   1   2  -2   2   0   0   0   0   0   0   0   0   0          0.3         0       -0.1       0      0.0        0.0         0         0  1035
  3   1   2   2   2   0   0   0   0   0   0   0   0   0          0.3         0       -0.1       0      0.0        0.0         0         0  1036
  3   1  -2  -6  -2   0   0   0   0   0   0   0   0   0          0.3         0        0.1       0      0.0        0.0         0         0  1037
  3   0   0   0  -2   0   0   0   0   0   0   0   0   0         -0.3         0       -0.1       0      0.0        0.0         0         0  1038
  3   0  -2  -4  -2   0   0   0   0   0   0   0   0   0         -0.3         0       -0.1       0      0.0        0.0         0         0  1039
  2   2   0  -2  -1   0   0   0   0   0   0   0   0   0          0.3         0        0.1       0      0.0        0.0         0         0  1040
  2   1   2  -4   2   0   0   0   0   0   0   0   0   0         -0.3         0        0.1       0      0.0        0.0         0         0  1041
  2   1  -2   0  -2   0   0   0   0   0   0   0   0   0          0.3         0        0.1       0      0.0        0.0         0         0  1042
  2   0   2  -2   2   0   0  -2   0   3   0   0   0   0          0.3         0       -0.1       0      0.0        0.0         0         0  1043
  2   0   0  -4   2   0   0   0   0   0   0   0   0   0          0.3         0       -0.1       0      0.0        0.0         0         0  1044
  2   0   0  -4  -2   0   0   0   0   0   0   0   0   0          0.3         0        0.1       0      0.0        0.0         0         0  1045
  2   0  -2  -2  -2   0   0  -2   0   2   0   0   0   0          0.3         0        0.1       0      0.0        0.0         0         0  1046
  2   0  -2  -5  -2   0   0   0   0   0   0   0   0   0         -0.3         0       -0.1       0      0.0        0.0         0         0  1047
  2  -1   2   4   2   0   0   0   0   0   0   0   0   0         -0.3         0        0.1       0      0.0        0.0         0         0  1048
  2  -1   0  -2   2   0   0   0   0   0   0   0   0   0          0.3         0       -0.1       0      0.0        0.0         0         0  1049
  2  -1  -2   0   1   0   0   0   0   0   0   0   0   0          0.3         0       -0.1       0      0.0        0.0         0         0  1050
  1   3  -2  -2  -2   0   0   0   0   0   0   0   0   0          0.3         0        0.1       0      0.0        0.0         0         0  1051
  1   2   2  -4   1   0   0   0   0   0   0   0   0   0         -0.3         0        0.1       0      0.0        0.0         0         0  1052
  1   1   0   0  -2   0   0   0   0   0   0   0   0   0          0.3         0        0.1       0      0.0        0.0         0         0  1053
  1   1  -2   1  -2   0   0   0   0   0   0   0   0   0          0.3         0        0.1       0      0.0        0.0         0         0  1054
  1   1  -2  -1  -2   0   0   0   0   0   0   0   0   0         -0.3         0       -0.1       0      0.0        0.0         0         0  1055
  1   0   2   0   2   0   1  -1   0   0   0   0   0   0          0.3         0       -0.1       0      0.0        0.0         0         0  1056
  1   0   2   0   2   0  -1   1   0   0   0   0   0   0         -0.3         0        0.1       0      0.0        0.0         0         0  1057
  1   0   2  -2   2   0  -3   3   0   0   0   0   0   0         -0.3         0        0.1       0      0.0        0.0         0         0  1058
  1   0   0   0   1   0 -10   3   0   0   0   0   0   0          0.3         0       -0.1       0      0.0        0.0         0         0  1059
  1   0   0   0  -1   0 -10   3   0   0   0   0   0   0          0.3         0        0.1       0      0.0        0.0         0         0  1060
  1   0   0  -4   2   0   0   0   0   0   0   0   0   0          0.3         0       -0.1       0      0.0        0.0         0         0  1061
  1   0  -2   4  -2   0   0   0   0   0   0   0   0   0         -0.3         0       -0.1       0      0.0        0.0         0         0  1062
  1   0  -2  -2  -2   0   0   1   0  -1   0   0   0   0         -0.3         0       -0.1       0      0.0        0.0         0         0  1063
  0   1   4  -4   2   0   0   0   0   0   0   0   0   0         -0.3         0        0.1       0      0.0        0.0         0         0  1064
  0   1  -4   2  -1   0   0   0   0   0   0   0   0   0          0.3         0        0.1       0      0.0        0.0         0         0  1065
  0   0   2   2   2   0   0   2   0  -2   0   0   0   0          0.3         0       -0.1       0      0.0        0.0         0         0  1066
  0   0   2   0   2   0   2  -2   0   0   0   0   0   0         -0.3         0        0.1       0      0.0        0.0         0         0  1067
  0   0   2   0   2   0  -2   2   0   0   0   0   0   0          0.3         0       -0.1       0      0.0        0.0         0         0  1068
  0   0   2  -2   1   0   1  -1   0   0   0   0   0   0          0.3         0       -0.1       0      0.0        0.0         0         0  1069
  0   0   2  -2   1   0   0  -2   0   1   0   0   0   0         -0.3         0        0.1       0      0.0        0.0         0         0  1070
  0   0   2  -2   1   0   0 -10  15   0   0   0   0   0         -0.3         0        0.1       0      0.0        0.0         0         0  1071
  0   0   1  -1   2   0   0  -1   0   0  -1   0   0   0         -0.3         0        0.1       0      0.0        0.0         0         0  1072
  0   0   1  -1   1   0  -4   6   0   0   0   0   0   0          0.3         0       -0.1       0      0.0        0.0         0         0  1073
  0   0   1  -1  -1   0  -5   7   0   0   0   0   0   0          0.3         0        0.1       0      0.0        0.0         0         0  1074
  0   0   0   3   2   0   0   0   0   0   0   0   0   0          0.3         0       -0.1       0      0.0        0.0         0         0  1075
  0   0   0   0   2   0  -3   5   0   0   0   0   0   0          0.3         0       -0.1       0      0.0        0.0         0         0  1076
  0   0   0   0   0   0   9 -13   0   0   0   0   0  -2          0.3         0        0.1       0      0.0        0.0         0         0  1077
  0   0   0   0   0   0   8 -11   0   0   0   0   0  -1         -0.3         0       -0.1       0      0.0        0.0         0         0  1078
  0   0   0   0   0   0   8 -14   0   0   0   0   0  -2          0.3         0        0.1       0      0.0        0.0         0         0  1079
  0   0   0   0   0   0   6  -7   0   0   0   0   0  -1         -0.3         0       -0.1       0      0.0        0.0         0         0  1080
  0   0   0   0   0   0   4  -8   0   0   0   0   0  -2          0.3         0        0.1       0      0.0        0.0         0         0  1081
  0   0   0   0   0   0   3  -3   0   2   0   0   0   2         -0.3         0        0.1       0      0.0        0.0         0         0  1082
  0   0   0   0   0   0   1  -1   0   0   0   0   0  -2          0.3         0        0.1       0      0.0        0.0         0         0  1083
  0   0   0   0   0   0   0   6  -4   0   0   0   0   2         -0.3         0        0.1       0      0.0        0.0         0         0  1084
  0   0   0   0   0   0   0   6  -9   0   0   0   0  -2         -0.3         0       -0.1       0      0.0        0.0         0         0  1085
  0   0   0   0   0   0   0   5   0  -4   0   0   0   2         -0.3         0        0.1       0      0.0        0.0         0         0  1086
  0   0   0   0   0   0   0   5  -7   0   0   0   0  -2         -0.3         0       -0.1       0      0.0        0.0         0         0  1087
  0   0   0   0   0   0   0   5  -8   3   0   0   0   2         -0.3         0        0.1       0      0.0        0.0         0         0  1088
  0   0   0   0   0   0   0   5  -9   0   0   0   0  -1         -0.3         0       -0.1       0      0.0        0.0         0         0  1089
  0   0   0   0   0   0   0   5 -13   0   0   0   0  -2         -0.3         0       -0.1       0      0.0        0.0         0         0  1090
  0   0   0   0   0   0   0   5 -16   4   5   0   0  -2          0.3         0        0.1       0      0.0        0.0         0         0  1091
  0   0   0   0   0   0   0   3   0  -5   0   0   0  -2         -0.3         0       -0.1       0      0.0        0.0         0         0  1092
  0   0   0   0   0   0   0   2   1   0   0   0   0   2          0.3         0       -0.1       0      0.0        0.1         0         0  1093
  0   0   0   0   0   0   0   2   0   2   0   0   0   2          0.3         0       -0.1       0      0.0        0.0         0         0  1094
  0   0   0   0   0   0   0   0   0   0   0   0   0   2          0.3         0       -0.1       0      0.0        0.0         0         0  1095
  0   0   1  -1   0   0   0  -1   0   2   0   0   0   0          0.3         0          0       0      1.6          0         0         0  1096
  0   0   0   0   0   0   0   4  -8   1   5   0   0  -2         -0.3         0        0.0       0     -0.7        0.3         0         0  1097
  1   0   1   0   0   0   0   0   0   0   0   0   0   0          0.3         0          0       0      0.6          0         0         0  1098
  0   0   2  -2   0   0   0  -9  13   0   0   0   0   0          0.3         0          0       0     -0.5          0         0         0  1099
  0   0   0   0   0   0   0   4  -8   0   0   0   0   0          0.3         0          0       0      0.5          0         0         0  1100
  0   0   0   0   0   0   0   4   0   0   0   0   0   0          0.3         0          0       0     -0.4          0         0         0  1101
  4   0  -2  -2   0   0   0   0   0   0   0   0   0   0         -0.3         0          0       0      0.0          0         0         0  1102
  3   1   0  -2   0   0   0   0   0   0   0   0   0   0         -0.3         0          0       0      0.0          0         0         0  1103
  3  -1   0  -2   0   0   0   0   0   0   0   0   0   0         -0.3         0          0       0      0.0          0         0         0  1104
  3  -1   0  -3   0   0   0   0   0   0   0   0   0   0         -0.3         0          0       0      0.0          0         0         0  1105
  2   1   2   0   0   0   0   0   0   0   0   0   0   0         -0.3         0          0       0      0.0          0         0         0  1106
  2   1   2  -2   0   0   0   0   0   0   0   0   0   0         -0.3         0          0       0      0.0          0         0         0  1107
  2   1   0  -3   0   0   0   0   0   0   0   0   0   0          0.3         0          0       0      0.0          0         0         0  1108
  2   0   2   0   3   0   0   0   0   0   0   0   0   0          0.3         0          0       0      0.0          0         0         0  1109
  2   0   0  -2   0   0   0  -2   0   1   5   0   0   0          0.3         0          0       0      0.0          0         0         0  1110
  2   0   0  -2   0   0   0  -2   0   0   5   0   0   0          0.3         0          0       0      0.0          0         0         0  1111
  2   0   0  -2   0   0   0  -2   0   0   2   0   0   0          0.3         0          0       0      0.0          0         0         0  1112
  2   0   0  -2   0   0  -4   4   0   0   0   0   0   0          0.3         0          0       0      0.0          0         0         0  1113
  1   1   0  -6   0   0   0   0   0   0   0   0   0   0         -0.3         0          0       0      0.0          0         0         0  1114
  1   0   2   1   0   0   0   0   0   0   0   0   0   0         -0.3         0          0       0      0.0          0         0         0  1115
  1   0   2  -2   3   0   0   0   0   0   0   0   0   0         -0.3         0          0       0      0.0          0         0         0  1116
  1   0   0   3   0   0   0   0   0   0   0   0   0   0         -0.3         0          0       0      0.0          0         0         0  1117
  1   0   0   0   0   0   0   1   0  -1   0   0   0   0          0.3         0          0       0      0.0          0         0         0  1118
  1   0   0   0   0   0   0  -2   0   3   0   0   0   0          0.3         0          0       0      0.0          0         0         0  1119
  1   0   0  -2   0   0   0   2   0  -2   0   0   0   0         -0.3         0          0       0      0.0          0         0         0  1120
  1   0  -1  -1   0   0   0   8 -15   0   0   0   0   0         -0.3         0          0       0      0.0          0         0         0  1121
  1  -2   0  -1   0   0   0   0   0   0   0   0   0   0         -0.3         0          0       0      0.0          0         0         0  1122
  0   1   4  -4   4   0   0   0   0   0   0   0   0   0          0.3         0          0       0      0.0          0         0         0  1123
  0   0   4  -2   3   0   0   0   0   0   0   0   0   0          0.3         0          0       0      0.0          0         0         0  1124
  0   0   1  -1   0   0  -2   2   0   0   0   0   0   0         -0.3         0          0       0      0.0          0         0         0  1125
  0   0   0   2   0   0   0   2   0  -2   0   0   0   0         -0.3         0          0       0      0.0          0         0         0  1126
  0   0   0   2   0   0  -2   2   0   0   0   0   0   0         -0.3         0          0       0      0.0          0         0         0  1127
  0   0   0   0   0   0   6  -8   0   0   0   0   0   0         -0.3         0          0       0      0.0          0         0         0  1128
  0   0   0   0   0   0   5  -6  -4   0   0   0   0  -2         -0.3         0          0       0      0.0          0         0         0  1129
  0   0   0   0   0   0   3  -1   0   0   0   0   0   0         -0.3         0          0       0      0.0          0         0         0  1130
  0   0   0   0   0   0   2   0   0   0   0   0   0   0         -0.3         0          0       0      0.0          0         0         0  1131
  0   0   0   0   0   0   0   5  -6   0   0   0   0   0          0.3         0          0       0      0.0          0         0         0  1132
  0   0   0   0   0   0   0   1   0   1  -5   0   0   0         -0.3         0          0       0      0.0          0         0         0  1133
  0   0   0   0   0   0   0   1   0   0  -3   0   0   0         -0.3         0          0       0      0.0          0         0         0  1134
  0   0   0   0   0   0   0   1   0  -3   5   0   0   0          0.3         0          0       0      0.0          0         0         0  1135
  0   0   0   0   0   0   0   0   0   2  -6   3   0  -2          0.3         0          0       0      0.0          0         0         0  1136
  0   0   0   0   0   0   0   0   1   0   0   0   0   0          0.2         0          0       0      0.1          0         0         0  1137
  2  -2   2  -2   2   0   0   0   0   0   0   0   0   0         -0.1         0        0.3       0      0.3       -0.1         0         0  1138
  0   0   0   0   0   1   0  -3   0   0   0   0   0  -2         -0.1         0          0       0      0.0          0         0         0  1139
  0   0   0   0   0   0   0   1   0   1  -2   0   0   0         -0.1         0          0       0      0.0          0         0         0  1140
  0   0   0   0   0   0   2   1   0   0   0   0   0   1          0.0         0       -1.0       0      0.3        0.2         0         0  1141
  0   0   0   0   0   0   0   6 -16   4   5   0   0  -2          0.0         0       -0.6       0     -8.6        1.9         0         0  1142
  0   0   0   0   0   0   9  -9   0   0   0   0   0  -1          0.0         0       -0.5       0      0.5       -0.2         0         0  1143
  0   0   0   0   0   0   3  -1   0   0   0   0   0   1          0.0         0       -0.1       0     -1.0       -0.6         0         0  1144
  0   0   2   0   2   0   0   4  -8   3   0   0   0   0          0.0         0        0.1       0      0.9        0.4         0         0  1145
  0   0   2   0   2   0   0  -4   8  -3   0   0   0   0          0.0         0       -0.1       0      0.9        0.4         0         0  1146
  0   0   1  -1   1   0  -2   3   0   0   0   0   0   0          0.0         0        0.1       0      0.9        0.5         0         0  1147
  0   0   0   0   0   0   7  -7   0   0   0   0   0  -1          0.0         0       -0.1       0      0.9       -0.5         0         0  1148
  0   0   2  -2   1  -1   0   2   0   0   0   0   0   0          0.0         0        0.1       0      0.8        0.4         0         0  1149
  0   0   1  -1   1   0   0  -1   0   0   0   2   0   0          0.0         0       -0.1       0     -0.8       -0.4         0         0  1150
  0   0   0   0   0   0   6 -10   0   0   0   0   0  -1          0.0         0        0.1       0      0.5       -0.3         0         0  1151
  0   0   1  -1  -1   0   0  -1   0  -1   0   0   0   0          0.0         0        0.1       0     -0.4        0.2         0         0  1152
  0   0   0   0   1   0   0   1   0  -2   0   0   0   0          0.0         0       -0.1       0     -0.4       -0.2         0         0  1153
  0   0   0   0   0   0   0   6 -10   0   0   0   0  -2          0.0         0       -0.1       0      0.4       -0.2         0         0  1154
  2   0   0  -2  -1   0   0  -6   8   0   0   0   0   0          0.0         0        0.1       0      0.3       -0.2         0         0  1155
  0   0   2  -2   1   0   0  -7   9   0   0   0   0   0          0.0         0       -0.1       0      0.3        0.2         0         0  1156
  0   0   0   0   0   0   0   3  -5   0   0   0   0  -1          0.0         0       -0.1       0     -0.3        0.2         0         0  1157
  0   1  -1   1  -1   0   0   0   0   0   0   0   0   0          0.0         0        0.0       0   -198.8      167.9         0         0  1158
  1   0  -1   0  -1   0   0   0   0   0   0   0   0   0          0.0         0        0.0       0   -104.4       89.1         0         0  1159
  1   0  -1   0  -2   0   0   0   0   0   0   0   0   0          0.0         0        0.0       0     36.4      -17.6         0         0  1160
  1   0  -1   0   0   0   0   0   0   0   0   0   0   0          0.0         0          0       0     33.0          0         0         0  1161
  0   0   1   0   1   0   0   0   0   0   0   0   0   0          0.0         0        0.0       0    -16.2      -13.8         0         0  1162
  1   0   0  -1   0   0  -3   4   0   0   0   0   0   0          0.0         0          0       0     13.1          0         0         0  1163
  0   0   0   0   0   0   3  -2   0   0   0   0   0   2          0.0         0        0.0       0    -11.4       -5.0         0         0  1164
  0   0   0   0   0   0   2  -5   0   0   0   0   0  -2          0.0         0        0.0       0    -11.4        4.9         0         0  1165
  0   0   1   0   0   0   0   0   0   0   0   0   0   0          0.0         0          0       0      7.5          0         0         0  1166
  1   0  -1   0  -3   0   0   0   0   0   0   0   0   0          0.0         0        0.0       0     -6.3        2.7         0         0  1167
  0   0   0   0   0   0   6  -9   0   0   0   0   0  -2          0.0         0        0.0       0     -4.5        2.0         0         0  1168
  0   0   0   0   0   0   0   2   0  -1   0   0   0   0          0.0         0          0       0      3.5          0         0         0  1169
  0   0   0   0   1   0   2  -3   0   0   0   0   0   0          0.0         0        0.0       0     -3.2       -1.7         0         0  1170
  0   0   0   0   0   0   0   3  -6   0   0   0   0   0          0.0         0          0       0      3.1          0         0         0  1171
  0   0   1   0   2   0   0   0   0   0   0   0   0   0          0.0         0        0.0       0      3.0        1.4         0         0  1172
  1   0   0  -1   1   0  -3   4   0   0   0   0   0   0          0.0         0        0.0       0      2.9        1.5         0         0  1173
  0   0   0   0   0   0   3  -6   0   0   0   0   0  -2          0.0         0        0.0       0     -2.7        1.2         0         0  1174
  0   0   3   0   3   0   0   0   0   0   0   0   0   0          0.0         0        0.0       0     -2.6       -1.1         0         0  1175
  0   0   1  -1   0   0   0  -1   0  -1   1   0   0   0          0.0         0          0       0      2.4          0         0         0  1176
  0   0   0   0   0   0   7 -10   0   0   0   0   0  -2          0.0         0        0.0       0     -2.4        1.0         0         0  1177
  1   0   0  -1  -1   0  -3   4   0   0   0   0   0   0          0.0         0        0.0       0      2.3       -1.3         0         0  1178
  0   0   0   0   0   0   0   4  -7   0   0   0   0   0          0.0         0          0       0      2.2          0         0         0  1179
  0   0   0   0   0   0   0   2   0   0  -1   0   0   2          0.0         0        0.0       0     -2.0       -0.9         0         0  1180
  0   0   1  -1   1   0   0  -9  15   0   0   0   0   0          0.0         0        0.0       0      1.9        1.0         0         0  1181
  0   0   0   0   1   0  -2   3   0   0   0   0   0   0          0.0         0        0.0       0      1.9        1.0         0         0  1182
  0   0   0   0   0   0   0   2   0   0   1   0   0   2          0.0         0        0.0       0     -1.9       -0.8         0         0  1183
  0   0   2  -2   2   0  -8  11   0   0   0   0   0   0          0.0         0        0.0       0      1.5        0.6         0         0  1184
  0   0   1  -1   2   0   0  -2   2   0   0   0   0   0          0.0         0        0.0       0      1.5        0.7         0         0  1185
  0   0   0   0   0   0   0   0   0   0   3   0   0   2          0.0         0        0.0       0      1.5        0.7         0         0  1186
  0   0   1  -1   1   0   0  -1   0  -1   1   0   0   0          0.0         0        0.0       0      1.4        0.7         0         0  1187
  1   0   1   0   1   0   0   0   0   0   0   0   0   0          0.0         0        0.0       0     -1.3       -1.1         0         0  1188
  0   0   1  -1   1   0   2  -4   0  -3   0   0   0   0          0.0         0        0.0       0     -1.3       -0.7         0         0  1189
  1   0   1  -2   1   0   0   0   0   0   0   0   0   0          0.0         0        0.0       0     -1.2       -1.0         0         0  1190
  0   0   2  -2   2   0  -5   6   0   0   0   0   0   0          0.0         0        0.0       0      1.2        0.5         0         0  1191
  0   0   0   0   0   0   0   6 -11   0   0   0   0  -2          0.0         0        0.0       0      1.1       -0.5         0         0  1192
  0   0   0   0   0   0   0   5  -8   0   0   0   0   0          0.0         0          0       0      1.1          0         0         0  1193
  0   0   3   0   2   0   0   0   0   0   0   0   0   0          0.0         0        0.0       0     -1.0       -0.5         0         0  1194
  0   0   1  -1   2   0   0  -1   0   2   0   0   0   0          0.0         0        0.0       0      1.0        0.4         0         0  1195
  0   0   0   0   0   0   9 -12   0   0   0   0   0  -2          0.0         0        0.0       0     -1.0        0.5         0         0  1196
  0   0   0   0   0   0   4  -4   0   0   0   0   0   1          0.0         0        0.0       0     -1.0       -0.5         0         0  1197
  0   0   1  -1   1   0   0   1   0   0   0   0   0   0          0.0         0        0.0       0     -0.9       -0.5         0         0  1198
  0   0   0   0   0   0   6  -7   0   0   0   0   0   0          0.0         0          0       0      0.9          0         0         0  1199
  0   0   0   0   0   0   4  -3   0   0   0   0   0   2          0.0         0        0.0       0      0.9        0.4         0         0  1200
  0   0   0   0   0   0   0   3  -2   0   0   0   0   0          0.0         0          0       0      0.9          0         0         0  1201
  2   0  -1  -1  -2   0   0  -1   0   2   0   0   0   0          0.0         0        0.0       0     -0.8        0.2         0         0  1202
  1   0   0  -2   0   0  20 -21   0   0   0   0   0   0          0.0         0          0       0     -0.8          0         0         0  1203
  0   0   2  -2   1   0   0  -8  11   0   0   0   0   0          0.0         0        0.0       0      0.8        0.4         0         0  1204
  0   0   1  -1   1   0   0  -1   0  -1   2   0   0   0          0.0         0        0.0       0     -0.8       -0.4         0         0  1205
  0   0   0   0   0   0   5  -6   0   0   0   0   0   0          0.0         0          0       0      0.8          0         0         0  1206
  0   0   0   0   0   0   0   8 -15   0   0   0   0  -1          0.0         0        0.0       0      0.8        0.4         0         0  1207
  0   0   0   0   0   0   0   5  -2   0   0   0   0   2          0.0         0        0.0       0     -0.8       -0.4         0         0  1208
  0   0   0   0   0   0   0   0   0   0   1   0   0   2          0.0         0        0.0       0      0.8        0.4         0         0  1209
  0   0   0   0   2   0   0   4  -8   3   0   0   0   0          0.0         0        0.0       0     -0.7       -0.3         0         0  1210
  0   0   0   0   2   0   0  -4   8  -3   0   0   0   0          0.0         0        0.0       0     -0.7       -0.3         0         0  1211
  0   0   0   0   0   0   8  -8   0   0   0   0   0  -1          0.0         0        0.0       0      0.7       -0.4         0         0  1212
  0   0   0   0   0   0   8 -10   0   0   0   0   0  -1          0.0         0        0.0       0      0.7       -0.4         0         0  1213
  0   0   0   0   0   0   4  -2   0   0   0   0   0   1          0.0         0        0.0       0     -0.7       -0.4         0         0  1214
  0   0   0   0   0   0   0   6   0   0   0   0   0   1          0.0         0        0.0       0      0.7        0.3         0         0  1215
  0   0   0   0   0   0   0   6  -7   0   0   0   0   2          0.0         0        0.0       0     -0.7       -0.3         0         0  1216
  0   0   0   0   0   0   0   3   0   0  -2   0   0   2          0.0         0        0.0       0     -0.7       -0.3         0         0  1217
  0   0   0   0   0   0   0   1   0  -1   0   0   0   1          0.0         0        0.0       0      0.7        0.3         0         0  1218
  0   0   0   0   0   0   0   1  -6   0   0   0   0  -2          0.0         0        0.0       0     -0.7        0.3         0         0  1219
  2   0  -1  -1  -1   0   0  -1   0   2   0   0   0   0          0.0         0        0.0       0     -0.6        0.3         0         0  1220
  1   0  -1   1  -1   0 -18  17   0   0   0   0   0   0          0.0         0        0.0       0     -0.6        0.3         0         0  1221
  0   0   2  -2  -1   0  -5   6   0   0   0   0   0   0          0.0         0        0.0       0      0.6       -0.3         0         0  1222
  0   0   1  -1   2   0   0  -1   0   1   0   0   0   0          0.0         0        0.0       0      0.6        0.3         0         0  1223
  0   0   1  -1   2   0   0  -1   0  -1   0   0   0   0          0.0         0        0.0       0     -0.6       -0.2         0         0  1224
  0   0   0   0   0   0   7  -8   0   0   0   0   0   0          0.0         0          0       0      0.6          0         0         0  1225
  0   0   0   0   0   0   0   5  -6   0   0   0   0   2          0.0         0        0.0       0     -0.6       -0.2         0         0  1226
  0   0   0   0   0   0   0   4  -8   1   5   0   0   2          0.0         0        0.0       0      0.6        0.2         0         0  1227
  0   0   0   0   0   0   0   2  -7   0   0   0   0  -2          0.0         0        0.0       0     -0.6        0.2         0         0  1228
  2   0  -1  -1  -1   0   0  -1   0   0   0   0   0   0          0.0         0        0.0       0     -0.5        0.3         0         0  1229
  1   0   3   0   3   0   0   0   0   0   0   0   0   0          0.0         0        0.0       0     -0.5       -0.2         0         0  1230
  1   0   1  -1   1   0   0  -1   0   0   0   0   0   0          0.0         0        0.0       0      0.5        0.3         0         0  1231
  1   0   1  -2   0   0   0   0   0   0   0   0   0   0          0.0         0          0       0      0.5          0         0         0  1232
  1   0   0   0   0   0   0   4  -8   3   0   0   0   0          0.0         0          0       0     -0.5          0         0         0  1233
  1   0   0   0   0   0   0  -4   8  -3   0   0   0   0          0.0         0          0       0     -0.5          0         0         0  1234
  1   0   0  -2   0   0  17 -16   0  -2   0   0   0   0          0.0         0          0       0      0.5          0         0         0  1235
  1   0  -1   1  -1   0   0   1   0   0   0   0   0   0          0.0         0        0.0       0     -0.5        0.2         0         0  1236
  1   0  -1   0   1   0   0   0   0   0   0   0   0   0          0.0         0        0.0       0      0.5        0.4         0         0  1237
  0   0   1  -1   1   0   1  -2   0   0   0   0   0   0          0.0         0        0.0       0      0.5        0.3         0         0  1238
  0   0   1  -1   1   0  -2   1   0   0   0   0   0   0          0.0         0        0.0       0      0.5        0.3         0         0  1239
  0   0   0   0   1   0   5  -8   0   0   0   0   0   0          0.0         0        0.0       0      0.5        0.3         0         0  1240
  0   0   0   0   1   0   0   0   0   0  -1   0   0   0          0.0         0        0.0       0      0.5        0.3         0         0  1241
  0   0   0   0   0   0   9 -11   0   0   0   0   0  -1          0.0         0        0.0       0      0.5       -0.3         0         0  1242
  0   0   0   0   0   0   5  -3   0   0   0   0   0   1          0.0         0        0.0       0     -0.5       -0.3         0         0  1243
  0   0   0   0   0   0   3  -4   0   0   0   0   0  -2          0.0         0        0.0       0     -0.5        0.2         0         0  1244
  0   0   0   0   0   0   0   6  -9   0   0   0   0   0          0.0         0          0       0     -0.5          0         0         0  1245
  0   0   0   0   0   0   0   5 -10   0   0   0   0  -2          0.0         0        0.0       0     -0.5        0.2         0         0  1246
  0   0   0   0   0   0   0   1   0  -2   5   0   0   2          0.0         0        0.0       0      0.5        0.2         0         0  1247
  0   0   0   0   0   0   0   1   0  -3   0   0   0  -1          0.0         0        0.0       0     -0.5        0.3         0         0  1248
  0   0   0   0   0   0   0   0   0   0   0   2   0   1          0.0         0        0.0       0     -0.5        0.3         0         0  1249
  0   0   0   0   0   0   0   0   0   0   0   1  -2  -2          0.0         0          0       0      0.5          0         0         0  1250
  1   0   0  -2   0   0   0   4  -8   3   0   0   0   0          0.0         0          0       0     -0.4          0         0         0  1251
  1   0   0  -2   0   0   0  -4   8  -3   0   0   0   0          0.0         0          0       0     -0.4          0         0         0  1252
  0   0   2  -2   1   0   0   4  -8   3   0   0   0   0          0.0         0        0.0       0      0.4        0.2         0         0  1253
  0   0   2  -2   1   0   0  -4   8  -3   0   0   0   0          0.0         0        0.0       0      0.4        0.2         0         0  1254
  0   0   1   1   0   0   0   1   0   0   0   0   0   0          0.0         0          0       0     -0.4          0         0         0  1255
  0   0   1  -1   1   0   0  -1   0   0   0  -1   0   0          0.0         0        0.0       0      0.4        0.2         0         0  1256
  0   0   1  -1   1   0  -5   6   0   0   0   0   0   0          0.0         0        0.0       0      0.4        0.2         0         0  1257
  0   0   1  -1   0   0   3  -6   0   0   0   0   0   0          0.0         0          0       0      0.4          0         0         0  1258
  0   0   1  -1   0   0   0  -1   0   1   0   0   0   0          0.0         0          0       0      0.4          0         0         0  1259
  0   0   1  -1   0   0   0  -2   2   0   0   0   0   0          0.0         0          0       0      0.4          0         0         0  1260
  0   0   1  -1   0   0  -3   4   0   0   0   0   0   0          0.0         0          0       0     -0.4          0         0         0  1261
  0   0   1  -1   0   0  -4   5   0   0   0   0   0   0          0.0         0          0       0     -0.4          0         0         0  1262
  0   0   0   0   1   0   3  -4   0   0   0   0   0   0          0.0         0        0.0       0     -0.4       -0.2         0         0  1263
  0   0   0   0   0   0   8  -9   0   0   0   0   0   0          0.0         0          0       0      0.4          0         0         0  1264
  0   0   0   0   0   0   5  -5   0   0   0   0   0   1          0.0         0        0.0       0     -0.4       -0.2         0         0  1265
  0   0   0   0   0   0   4  -5   0   0   0   0   0  -2          0.0         0        0.0       0     -0.4        0.2         0         0  1266
  0   0   0   0   0   0   3  -6   0   0   0   0   0   0          0.0         0          0       0     -0.4          0         0         0  1267
  0   0   0   0   0   0   3  -8   0   0   0   0   0  -2          0.0         0        0.0       0      0.4       -0.2         0         0  1268
  0   0   0   0   0   0   0   7  -8   0   0   0   0   2          0.0         0        0.0       0     -0.4       -0.2         0         0  1269
  0   0   0   0   0   0   0   7  -9   0   0   0   0   2          0.0         0        0.0       0     -0.4       -0.2         0         0  1270
  0   0   0   0   0   0   0   3   0   0   0   0   0   2          0.0         0        0.0       0      0.4        0.2         0         0  1271
  0   0   0   0   0   0   0   2   0   0  -2   0   0   1          0.0         0        0.0       0      0.4        0.2         0         0  1272
  0   0   0   0   0   0   0   1   0  -1   0   0   0  -1          0.0         0        0.0       0     -0.4        0.2         0         0  1273
  0   0   0   0   0   0   0   0   0   3  -5   0   0   0          0.0         0          0       0     -0.4          0         0         0  1274
  2   0   1  -3   1   0  -6   7   0   0   0   0   0   0          0.0         0        0.0       0      0.3        0.1         0         0  1275
  2   0   0  -2   0   0   2  -5   0   0   0   0   0   0          0.0         0          0       0     -0.3          0         0         0  1276
  2   0   0  -2   0   0   0  -2   0   5  -5   0   0   0          0.0         0          0       0      0.3          0         0         0  1277
  2   0  -1  -1   0   0   0  -1   0   3   0   0   0   0          0.0         0          0       0      0.3          0         0         0  1278
  2   0  -2   0  -2   0   0   5  -9   0   0   0   0   0          0.0         0          0       0      0.3          0         0         0  1279
  1   0   2   0   2   0   0   4  -8   3   0   0   0   0          0.0         0        0.0       0      0.3        0.1         0         0  1280
  1   0   2   0   2   0   0  -4   8  -3   0   0   0   0          0.0         0        0.0       0      0.3        0.1         0         0  1281
  1   0   1   1   1   0   0   1   0   0   0   0   0   0          0.0         0        0.0       0      0.3        0.2         0         0  1282
  1   0  -1   1   0   0   0   1   0   0   0   0   0   0          0.0         0          0       0      0.3          0         0         0  1283
  1   0  -1  -2  -1   0   0   0   0   0   0   0   0   0          0.0         0        0.0       0     -0.3        0.2         0         0  1284
  0   0   2   0   2   0   2  -3   0   0   0   0   0   0          0.0         0        0.0       0      0.3        0.1         0         0  1285
  0   0   2   0   2   0  -2   3   0   0   0   0   0   0          0.0         0        0.0       0      0.3        0.1         0         0  1286
  0   0   2  -2   1   0  -8  11   0   0   0   0   0   0          0.0         0        0.0       0      0.3        0.2         0         0  1287
  0   0   2  -2   0  -1   0   2   0   0   0   0   0   0          0.0         0          0       0     -0.3          0         0         0  1288
  0   0   1   1   2   0   0   1   0   0   0   0   0   0          0.0         0        0.0       0     -0.3       -0.2         0         0  1289
  0   0   1  -1   2   0  -3   4   0   0   0   0   0   0          0.0         0        0.0       0     -0.3       -0.1         0         0  1290
  0   0   1  -1   1   0   0  -1   0   1  -3   0   0   0          0.0         0        0.0       0      0.3        0.2         0         0  1291
  0   0   1  -1   1   0  -1   2   0   0   0   0   0   0          0.0         0        0.0       0      0.3        0.1         0         0  1292
  0   0   1  -1   0   0   0   1   0   0   0   0   0   0          0.0         0          0       0      0.3          0         0         0  1293
  0   0   1  -1   0   0   0  -1   0   0  -2   0   0   0          0.0         0          0       0      0.3          0         0         0  1294
  0   0   1  -1   0   0  -1   0   0   0   0   0   0   0          0.0         0          0       0     -0.3          0         0         0  1295
  0   0   0   0   2   0   0   0   0   1   0   0   0   0          0.0         0        0.0       0     -0.3       -0.1         0         0  1296
  0   0   0   0   1   0   0  -1   0   2   0   0   0   0          0.0         0        0.0       0      0.3        0.1         0         0  1297
  0   0   0   0   1   0  -1   2   0   0   0   0   0   0          0.0         0        0.0       0      0.3        0.1         0         0  1298
  0   0   0   0   1   0  -3   4   0   0   0   0   0   0          0.0         0        0.0       0      0.3        0.2         0         0  1299
  0   0   0   0   0   0   7 -11   0   0   0   0   0  -1          0.0         0        0.0       0     -0.3        0.2         0         0  1300
  0   0   0   0   0   0   6  -4   0   0   0   0   0   1          0.0         0        0.0       0     -0.3       -0.2         0         0  1301
  0   0   0   0   0   0   6  -6   0   0   0   0   0   1          0.0         0        0.0       0     -0.3       -0.2         0         0  1302
  0   0   0   0   0   0   6  -9   0   0   0   0   0   0          0.0         0          0       0     -0.3          0         0         0  1303
  0   0   0   0   0   0   5  -4   0   0   0   0   0   2          0.0         0        0.0       0      0.3        0.1         0         0  1304
  0   0   0   0   0   0   5  -6   0   0   0   0   0  -2          0.0         0        0.0       0     -0.3        0.1         0         0  1305
  0   0   0   0   0   0   4  -2   0   0   0   0   0   0          0.0         0        0.0       0      0.3       -0.2         0         0  1306
  0   0   0   0   0   0   4  -5   0   0   0   0   0   0          0.0         0          0       0     -0.3          0         0         0  1307
  0   0   0   0   0   0   0   7  -7   0   0   0   0   2          0.0         0        0.0       0      0.3       -0.2         0         0  1308
  0   0   0   0   0   0   0   7 -12   0   0   0   0  -2          0.0         0        0.0       0      0.3       -0.1         0         0  1309
  0   0   0   0   0   0   0   6  -8   1   5   0   0   2          0.0         0        0.0       0     -0.3       -0.1         0         0  1310
  0   0   0   0   0   0   0   6 -10   0   0   0   0   0          0.0         0          0       0      0.3          0         0         0  1311
  0   0   0   0   0   0   0   3  -7   0   0   0   0  -2          0.0         0        0.0       0     -0.3        0.1         0         0  1312
  0   0   0   0   0   0   0   3  -9   0   0   0   0  -2          0.0         0        0.0       0     -0.3        0.1         0         0  1313
  0   0   0   0   0   0   0   2   0   0  -3   0   0   0          0.0         0          0       0      0.3          0         0         0  1314
  0   0   0   0   0   0   0   2  -8   1   5   0   0  -2          0.0         0        0.0       0     -0.3        0.1         0         0  1315
  0   0   0   0   0   0   0   1   0   1   0   0   0   1          0.0         0        0.0       0      0.3        0.2         0         0  1316
  0   0   0   0   0   0   0   1   0   0   2   0   0   2          0.0         0        0.0       0     -0.3       -0.1         0         0  1317
  0   0   0   0   0   0   0   1  -3   0   0   0   0   0          0.0         0          0       0      0.3          0         0         0  1318
  0   0   0   0   0   0   0   0   0   1  -2   0   0   0          0.0         0          0       0      0.3          0         0         0  1319
  0   0   0   0   0   0   0   0   0   0   0   1   0   0          0.0         0          0       0      0.3          0         0         0  1320
xx 2000 IAU Theory of Nutation (106 term) (Sorted for largest A terms)
xx   a2  a3  a4  a5      A       B       C       D    E    F         #  all are 0.0001"
  0   0   0   0   1 -171996     -84.2  92025    8.9  5173.2 1529.9   1
  0   0   2  -2   2  -13187       5.3   5736   -3.1   322.2  117.3   2
  0   0   2   0   2   -2274       1.0    977   -0.5    54.8   20.2   3
  0   0   0   0   2    2053.2    -1.0   -893.7  0.5   -50.5  -18.3   4
  0  -1   0   0   0   -1426       4.3     54   -0.1     3.0  -12.7   5
  1   0   0   0   0     712       0.1     -7    0.0     0.0   -6.3   6
  0   1   2  -2   2    -517       1.5    224   -0.6    12.6    4.6   8
  0   0   2   0   1    -386      -0.4    200    0.0    11.3    3.4   9
  1   0   2   0   2    -301       0.0    129   -0.1     7.3    2.7   7
  0  -1   2  -2   2     217      -0.5    -95    0.3    -5.3   -1.9  10
 -1   0   0   2   0     158       0.0     -1    0.0     0.0    1.4  13
  0   0   2  -2   1     129       0.1    -70    0.0    -4.0   -1.2  11
 -1   0   2   0   2     123       0.0    -53    0.0    -3.0   -1.1  12
  1   0   0   0   1      63       0.1    -33    0.0    -1.8   -0.6  16
  0   0   0   2   0      63       0.0     -2    0.0     0.0   -0.6  15
 -1   0   2   2   2     -59       0.0     26    0.0     1.5    0.5  17
 -1   0   0   0   1     -58      -0.1     32    0.0     1.8    0.5  21
  1   0   2   0   1     -51       0.0     27    0.0     1.5    0.5  20
 -2   0   0   2   0     -48       0.0      1    0.0     0.0    0.0  22
 -2   0   2   0   1      46       0.0    -24    0.0    -1.3    0.0  29     ### diff to here
  0   0   2   2   2     -38        0      16      0      0      0     42
  2   0   2   0   2     -31        0      13      0      0      0     45
  2   0   0   0   0      29        0      -1      0      0      0     43
  1   0   2  -2   2      29        0     -12      0      0      0     44
  0   0   2   0   0      26        0      -1      0      0      0     46
  0   0   2  -2   0     -22        0       0      0      0      0     15
 -1   0   2   0   1      21        0     -10      0      0      0     47
  0   2   0   0   0      17      -0.1      0      0      0      0     16
  0   2   2  -2   2     -16       0.1      7      0      0      0     18
 -1   0   0   2   1      16        0      -8      0      0      0     48
  0   1   0   0   1     -15        0       9      0      0      0     17
  1   0   0  -2   1     -13        0       7      0      0      0     49
  0  -1   0   0   1     -12        0       6      0      0      0     19
  2   0  -2   0   0      11        0       0      0      0      0      4
 -1   0   2   2   1     -10        0       5      0      0      0     50
  1   0   2   2   2      -8        0       3      0      0      0     54
  0  -1   2   0   2      -7        0       3      0      0      0     53
  0   0   2   2   1      -7        0       3      0      0      0     58
  1   1   0  -2   0      -7        0       0      0      0      0     51
  0   1   2   0   2       7        0      -3      0      0      0     52
 -2   0   0   2   1      -6        0       3      0      0      0     20
  0   0   0   2   1      -6        0       3      0      0      0     57
  2   0   2  -2   2       6        0      -3      0      0      0     56
  1   0   0   2   0       6        0       0      0      0      0     55
  1   0   2  -2   1       6        0      -3      0      0      0     58
  0   0   0  -2   1      -5        0       3      0      0      0     60
  0  -1   2  -2   1      -5        0       3      0      0      0     21
  2   0   2   0   1      -5        0       3      0      0      0     62
  1  -1   0   0   0       5        0       0      0      0      0     61
  1   0   0  -1   0      -4        0       0      0      0      0     24
  0   0   0   1   0      -4        0       0      0      0      0     65
  0   1   0  -2   0      -4        0       0      0      0      0     63
  1   0  -2   0   0       4        0       0      0      0      0     64
  2   0   0  -2   1       4        0      -2      0      0      0     22
  0   1   2  -2   1       4        0      -2      0      0      0     23
  1   1   0   0   0      -3        0       0      0      0      0     66
  1  -1   0  -1   0      -3        0       0      0      0      0      6
 -1  -1   2   2   2      -3        0       1      0      0      0     69
  0  -1   2   2   2      -3        0       1      0      0      0     72
  1  -1   2   0   2      -3        0       1      0      0      0     68
  3   0   2   0   2      -3        0       1      0      0      0     71
 -2   0   2   0   2      -3        0       1      0      0      0      5
  1   0   2   0   0       3        0       0      0      0      0     67
 -1   0   2   4   2      -2        0       1      0      0      0     82
  1   0   0   0   2      -2        0       1      0      0      0     76
 -1   0   2  -2   1      -2        0       1      0      0      0     74
  0  -2   2  -2   1      -2        0       1      0      0      0      7
 -2   0   0   0   1      -2        0       1      0      0      0     70
  2   0   0   0   1       2        0      -1      0      0      0     75
  3   0   0   0   0       2        0       0      0      0      0     77
  1   1   2   0   2       2        0      -1      0      0      0     73
  0   0   2   1   2       2        0      -1      0      0      0     78
  1   0   0   2   1      -1        0       0      0      0      0     91
  1   0   2   2   1      -1        0       1      0      0      0     85
  1   1   0  -2   1      -1        0       0      0      0      0    102
  0   1   0   2   0      -1        0       0      0      0      0     99
  0   1   2  -2   0      -1        0       0      0      0      0     30
  0   1  -2   2   0      -1        0       0      0      0      0     27
  1   0  -2   2   0      -1        0       0      0      0      0    103
  1   0  -2  -2   0      -1        0       0      0      0      0    100
  1   0   2  -2   0      -1        0       0      0      0      0     94
  1   0   0  -4   0      -1        0       0      0      0      0     80
  2   0   0  -4   0      -1        0       0      0      0      0     83
  0   0   2   4   2      -1        0       0      0      0      0    105
  0   0   2  -1   2      -1        0       0      0      0      0     98
 -2   0   2   4   2      -1        0       1      0      0      0     86
  2   0   2   2   2      -1        0       0      0      0      0     90
  0  -1   2   0   1      -1        0       0      0      0      0    101
  0   0  -2   0   1      -1        0       0      0      0      0     97
  0   0   4  -2   2       1        0       0      0      0      0     92
  0   1   0   0   2       1        0       0      0      0      0     28
  1   1   2  -2   2       1        0      -1      0      0      0     84
  3   0   2  -2   2       1        0       0      0      0      0     93
 -2   0   2   2   2       1        0      -1      0      0      0     81
 -1   0   0   0   2       1        0      -1      0      0      0     79
  0   0  -2   2   1       1        0       0      0      0      0     26
  0   1   2   0   1       1        0       0      0      0      0     95
 -1   0   4   0   2       1        0       0      0      0      0     87
  2   1   0  -2   0       1        0       0      0      0      0     25
  2   0   0   2   0       1        0       0      0      0      0    104
  2   0   2  -2   1       1        0      -1      0      0      0     89
  2   0  -2   0   1       1        0       0      0      0      0      8
  1  -1   0  -2   0       1        0       0      0      0      0     88
 -1   0   0   1   1       1        0       0      0      0      0     29
 -1  -1   0   2   1       1        0       0      0      0      0     96
  0   1   0   1   0       1        0       0      0      0      0    106     0   0   2  -2   3      -1.2      0       0      0                 xx
xx 1980 IAU Theory of Nutation (106 term) (Sorted for largest A terms)
xx  a2 a3 a4 a5    A      B     C     D      #    All are 0.0001"
 0  0  0  0  1 -171996 -174.2 92025  8.9    1
 0  0  2 -2  2  -13187   -1.6  5736 -3.1    9
 0  0  2  0  2   -2274   -0.2   977 -0.5   31
 0  0  0  0  2    2062    0.2  -895  0.5    2
 0  1  0  0  0    1426   -3.4    54 -0.1   10
 1  0  0  0  0     712    0.1    -7   0    32
 0  1  2 -2  2    -517    1.2   224 -0.6   11
 0  0  2  0  1    -386   -0.4   200   0    33
 1  0  2  0  2    -301     0    129 -0.1   34
 0 -1  2 -2  2     217   -0.5   -95  0.3   12
 1  0  0 -2  0    -158     0     -1   0    35
 0  0  2 -2  1     129    0.1   -70   0    13
-1  0  2  0  2     123     0    -53   0    36
 1  0  0  0  1      63    0.1   -33   0    38
 0  0  0  2  0      63     0     -2   0    37
-1  0  2  2  2     -59     0     26   0    40
-1  0  0  0  1     -58   -0.1    32   0    39
 1  0  2  0  1     -51     0     27   0    41
 2  0  0 -2  0      48     0      1   0    14
-2  0  2  0  1      46     0    -24   0     3
 0  0  2  2  2     -38     0     16   0    42
 2  0  2  0  2     -31     0     13   0    45
 2  0  0  0  0      29     0     -1   0    43
 1  0  2 -2  2      29     0    -12   0    44
 0  0  2  0  0      26     0     -1   0    46
 0  0  2 -2  0     -22     0      0   0    15
-1  0  2  0  1      21     0    -10   0    47
 0  2  0  0  0      17   -0.1     0   0    16
 0  2  2 -2  2     -16    0.1     7   0    18
-1  0  0  2  1      16     0     -8   0    48
 0  1  0  0  1     -15     0      9   0    17
 1  0  0 -2  1     -13     0      7   0    49
 0 -1  0  0  1     -12     0      6   0    19
 2  0 -2  0  0      11     0      0   0     4
-1  0  2  2  1     -10     0      5   0    50
 1  0  2  2  2      -8     0      3   0    54
 0 -1  2  0  2      -7     0      3   0    53
 0  0  2  2  1      -7     0      3   0    58
 1  1  0 -2  0      -7     0      0   0    51
 0  1  2  0  2       7     0     -3   0    52
-2  0  0  2  1      -6     0      3   0    20
 0  0  0  2  1      -6     0      3   0    57
 2  0  2 -2  2       6     0     -3   0    56
 1  0  0  2  0       6     0      0   0    55
 1  0  2 -2  1       6     0     -3   0    58
 0  0  0 -2  1      -5     0      3   0    60
 0 -1  2 -2  1      -5     0      3   0    21
 2  0  2  0  1      -5     0      3   0    62
 1 -1  0  0  0       5     0      0   0    61
 1  0  0 -1  0      -4     0      0   0    24
 0  0  0  1  0      -4     0      0   0    65
 0  1  0 -2  0      -4     0      0   0    63
 1  0 -2  0  0       4     0      0   0    64
 2  0  0 -2  1       4     0     -2   0    22
 0  1  2 -2  1       4     0     -2   0    23
 1  1  0  0  0      -3     0      0   0    66
 1 -1  0 -1  0      -3     0      0   0     6
-1 -1  2  2  2      -3     0      1   0    69
 0 -1  2  2  2      -3     0      1   0    72
 1 -1  2  0  2      -3     0      1   0    68
 3  0  2  0  2      -3     0      1   0    71
-2  0  2  0  2      -3     0      1   0     5
 1  0  2  0  0       3     0      0   0    67
-1  0  2  4  2      -2     0      1   0    82
 1  0  0  0  2      -2     0      1   0    76
-1  0  2 -2  1      -2     0      1   0    74
 0 -2  2 -2  1      -2     0      1   0     7
-2  0  0  0  1      -2     0      1   0    70
 2  0  0  0  1       2     0     -1   0    75
 3  0  0  0  0       2     0      0   0    77
 1  1  2  0  2       2     0     -1   0    73
 0  0  2  1  2       2     0     -1   0    78
 1  0  0  2  1      -1     0      0   0    91
 1  0  2  2  1      -1     0      1   0    85
 1  1  0 -2  1      -1     0      0   0   102
 0  1  0  2  0      -1     0      0   0    99
 0  1  2 -2  0      -1     0      0   0    30
 0  1 -2  2  0      -1     0      0   0    27
 1  0 -2  2  0      -1     0      0   0   103
 1  0 -2 -2  0      -1     0      0   0   100
 1  0  2 -2  0      -1     0      0   0    94
 1  0  0 -4  0      -1     0      0   0    80
 2  0  0 -4  0      -1     0      0   0    83
 0  0  2  4  2      -1     0      0   0   105
 0  0  2 -1  2      -1     0      0   0    98
-2  0  2  4  2      -1     0      1   0    86
 2  0  2  2  2      -1     0      0   0    90
 0 -1  2  0  1      -1     0      0   0   101
 0  0 -2  0  1      -1     0      0   0    97
 0  0  4 -2  2       1     0      0   0    92
 0  1  0  0  2       1     0      0   0    28
 1  1  2 -2  2       1     0     -1   0    84
 3  0  2 -2  2       1     0      0   0    93
-2  0  2  2  2       1     0     -1   0    81
-1  0  0  0  2       1     0     -1   0    79
 0  0 -2  2  1       1     0      0   0    26
 0  1  2  0  1       1     0      0   0    95
-1  0  4  0  2       1     0      0   0    87
 2  1  0 -2  0       1     0      0   0    25
 2  0  0  2  0       1     0      0   0   104
 2  0  2 -2  1       1     0     -1   0    89
 2  0 -2  0  1       1     0      0   0     8
 1 -1  0 -2  0       1     0      0   0    88
-1  0  0  1  1       1     0      0   0    29
-1 -1  0  2  1       1     0      0   0    96
 0  1  0  1  0       1     0      0   0   106
xx 1996 IAU Theory of Nutation (263 term) (Sorted for largest A terms)
xx   a2  a3  a4  a5      A       B       C     D    E    F        #  all are 0.001 mas or (0.000001")
  0   0   0   0   1 -17206262 -17419 9205348  886  3608 1543      1
  0   0   2  -2   2  -1317015   -156  573059 -306 -1398 -463      2
  0   0   2   0   2   -227718    -23   97864  -48   288  145      3
  0   0   0   0   2    207428     21  -89746   47   -71  -29      4
  0   1   0   0   0    147545   -364    7390  -19  1121 -198      5
  0   1   2  -2   2    -51687    123   22440  -68   -54  -18      6
  0   0   2   0   1    -38752    -37   20076    2    37   34      8
  1   0   2   0   2    -30136     -4   12896   -6    81   37      9
  1   0   0   0   0     71118      7    -687    0   -98   39      7
  0  -1   2  -2   2     21583    -49   -9591   30     6   12     10
 -1   0   0   2   0     15700      1    -127    0   -19    9     13
  0   0   2  -2   1     12820     14   -6897   -1    18    4     11
 -1   0   2   0   2     12353      1   -5333    3     1   -1     12
 -1   0   2   2   2     -5965     -1    2554   -1    15    7     16
 -1   0   0   0   1     -5797     -6    3141    0   -19   -8     15
  1   0   2   0   1     -5163     -4    2635    0    12    8     17
 -2   0   0   2   0     -4774      0      48    0    -2   -3     21
  0   0   2   2   2     -3854      0    1643    0    15    7     20
  2   0   2   0   2     -3102      0    1322   -1    13    6     22
  0   2   2  -2   2     -1578      7     685   -4    -2   -1     29
  0   1   0   0   1     -1406     -3     857    0     8   -4     27
  1   0   0  -2   1     -1286     -1     694    0    -4   -2     31
  0  -1   0   0   1     -1269      1     642    1     6    2     32
 -2   0   2   0   0     -1102      0      10    0    -1    0     36
 -1   0   2   2   1     -1022     -1     522    0     2    2     33
  0   0   0   2   0      6336      1    -125    0   -16    3     19
  1   0   0   0   1      6314      6   -3323    0     3   -1     14
 -2   0   2   0   1      4590      5   -2424   -1     1    1     18
  2   0   0   0   0      2923      0     -62    0    -8    1     25
  1   0   2  -2   2      2863      0   -1234    1     0    0     23
  0   0   2   0   0      2585      0     -56    0    -7    1     26
  0   0  -2   2   0      2178      0     -15    0     1    1     30
 -1   0   2   0   1      2044      2   -1076    0     1    0     24
  0   2   0   0   0      1671     -8      14    0    -1    1     34
 -1   0   0   2   1      1517      1    -801    0     1    0     28
  1   0   2   2   2      -768      0     325    0     4    2     35
  0  -1   2   0   2      -714      2     307    2     1    0     39
  0   0   2   2   1      -664     -1     335   -1     2    1     38
  0   0   0   2   1      -631     -1     327    0     0    0     40
 -2   0   0   2   1      -579     -1     304    0    -1    0     43
  2   0   2   0   1      -533      0     269    0     2    1     44
  0   0   0  -2   1      -493     -1     272    0    -2   -1     46
  0  -1   2  -2   1      -477     -1     271   -1     0    0     45
  0   0   0   1   0      -422      0       3    0     1    0     57
 -1   0   2   0   0      -404      0       4    0     1    0     58
  1   1   0   0   0      -338      0       4    0     0    0     64
 -2   0   2   0   2      -311      0     131    0     0    0     52
  3   0   2   0   2      -289      0     124    0     2    1     53
  1  -1   2   0   2      -287      0     123    0     1    0     55
 -1  -1   2   2   2      -282      0     122    0     1    0     56
  0  -1   2   2   2      -264      0     114    0     1    0     58
 -2   0   0   0   1      -228      0     126    0    -1    0     60
 -1   0   2  -2   1      -199      0     107    0    -1    0     66
  1   0   0   0   2      -197      0      85    0     0    0     67
 -1   0   2   4   2      -151      0      66    0     1    0     70
  1   0   2   2   1      -133      0      66    0     1    0     73
  0  -2   2  -2   1      -130      0      69    0     0    0     71
 -2   0   2   4   2      -121      0      52    0     0    0     77
 -2  -1   0   2   0      -115      0       1    0     0    0     92
  2   0   2   2   2      -108      0      47    0     1    0     80
  0   1   2   0   2       757     -2    -326   -2    -1   -1     37
 -1  -1   0   2   0       735      0      -5    0    -1    0     47
  1   0   0   2   0       657      0     -20    0    -2    0     49
  2   0   2  -2   2       643      0    -277    0    -1    0     42
  1   0   2  -2   1       580      1    -307    0     0    0     41
  1  -1   0   0   0       471      0      -4    0    -1    0     51
  0  -1   0   2   0       435      0      -9    0    -1    0     54
  2   0   0  -2   1       405      0    -220    0     1    0     48
 -1   0   0   1   0       405      0     -55    0   -35  -14     68
  0   1   2  -2   1       361      0    -194    0     1    0     50
  1   0   2   0   0       334      0     -11    0    -1    0     65
 -1   1   0   1   0       327      0      -1    0     0    0     63
  1   1   2   0   2       246      0    -106    0    -1    0     61
  2   0   0   0   1       218      0    -114    0     0    0     62
  0   0   2   1   2       165      0     -72    0     0    0     69
  3   0   0   0   0       157      0      -5    0    -1    0     82
 -2   0   2   2   2       139      0     -60    0     0    0     74
 -1   0   0   0   2       139      0     -60    0     0    0     75
 -1   0   0   4   0       133      0      -4    0     0    0     88
 -1   1   0   1   1       132      0     -68    0     0    0     72
  1   1   2  -2   2       128      0     -55    0     0    0     76
 -2   0   0   4   0       128      0       1    0     0    0     90
  0   0   2  -2   3       123      0     -20    0     0    0     87
 -1   0   4   0   2       115      0     -49    0     0    0     78
  2   0   2  -2   1       101      0     -54    0     0    0     79
 -1   0   0   1   1       101      0     -49    0    -3   -1     94
  1   0   0   2   1       -95      0      49    0     0    0     81
 -1   1   0   2   0       -94      0       0    0     0    0    100
  0   1  -2   2   0       -90      0       3    0     0    0    103
  0   0   2  -1   2       -74      0      31    0     0    0     97
  0   0   2   4   2       -69      0      29    0     0    0     98
  0   0  -2   0   1       -68      0      36    0     0    0     95
  0   1   0   2   0       -67      0       0    0     0    0    117
  0  -1   2   0   1       -66      0      35    0     0    0     93
  1   1   0  -2   1       -61      0      32    0     0    0     99
  1  -1   2   2   2       -59      0      25    0     0    0    101
  1   0  -2   2   0       -58      0       0    0     0    0    126
 -1   1   0   1   2       -52      0      23    0     0    0    108
  3   0   2   0   1       -50      0      25    0     0    0    104
 -1   0   0  -2   1       -50      0      27    0     0    0    107
  2  -1   2   0   2       -48      0      21    0     0    0    114
  1   0   2  -4   1       -47      0      24    0     0    0    110
 -1  -1   2   2   1       -46      0      24    0     0    0    112
  0   0   0   2   2       -46      0      20    0     0    0    116
  0  -1   2   2   1       -44      0      24    0     0    0    109
  0   3   2  -2   2       -44      0      19    0     0    0    119
  1  -1   2   0   1       -42      0      22    0     0    0    115
 -1   0   0   2   2       -38      0      17    0     0    0    129
  0   0   0   1   1       -37      0      20    0     0    0    121
  1   1   0   0   1       -34      0      19    0     0    0    127
  0   1   0  -2   1       -33      0      18    0     0    0    131
  1   0   2  -1   2       -33      0      13    0     0    0    138
  1   0   0   1   0       -33      0       0    0     0    0    157
 -1   1   0   0   1       -31      0      17    0     0    0    133
  2   1   0   0   0       -28      0       0    0     0    0    162
 -1   0   2   4   1       -26      0      13    0     0    0    140
  4   0   2   0   2       -26      0      11    0     0    0    145
  0   1   2   1   2       -24      0      10    0     0    0    146
 -1   0   2  -1   1       -23      0      14    0     0    0    143
  0   0   0   0   3       -22      0      10    0     0    0    152
 -2   2   0   2   0       -22      0       0    0     0    0    170
 -2   0   2   4   1       -20      0      10    0     0    0    155
  0   0   2  -3   2       -20      0       8    0     0    0    160
  2   0   2   2   1       -19      0      10    0     0    0    154
 -1   0   0   4   1       -18      0       9    0     0    0    158
 -1  -1   2   4   2       -17      0       7    0     0    0    164
  0   0   2  -4   1       -16      0       9    0     0    0    163
  0   0   0   4   1       -16      0       7    0     0    0    166
  1   0   2   4   2       -16      0       7    0     0    0    168
 -1  -1   2   0   2       -16      0       6    0     0    0    180
  0  -1   0   2   1       -14      0       7    0     0    0    167
 -3   0   0   0   1       -14      0       7    0     0    0    172
  3   0   2   2   2       -14      0       0    0     0    0    198
 -2  -1   0   2   1       -13      0       7    0     0    0    181
  0  -2   2   2   2       -13      0       5    0     0    0    183
  0   0   2   4   1       -12      0       6    0     0    0    174
  1   0   0  -4   1       -12      0       6    0     0    0    184
 -2  -1   2   4   2       -12      0       0    0     0    0    212
  2   0   0  -4   1       -11      0       5    0     0    0    191
 -1   1   2  -2   1       -11      0       5    0     0    0    195
  2   0   0  -2   2       -11      0       0    0     0    0    204
 -1   1   0   2   1       -10      0       6    0     0    0    185
  0   0   2  -1   1       -10      0       5    0     0    0    187
 -1   0  -2   0   1       -10      0       5    0     0    0    193
  1   1   0   2   0       -10      0       0    0     0    0    203
 -1   0   0   3   0       -10      0       0    0     0    0    208
  3   0   2  -2   2        94      0     -40    0     0    0     83
  0   0   4  -2   2        91      0     -39    0     0    0     84
  0   0  -2   2   1        87      0     -44    0     0    0     85
  0   1   2   0   1        81      0     -42    0     0    0     86
 -1   0  -2   2   0        77      0       0    0     0    0    111
 -1  -1   0   2   1        75      0     -39    0     0    0     91
  2   0  -2   0   1        71      0     -38    0     0    0     89
  0   1   0   0   2        69      0     -33    0    -1    0     96
  0  -1  -2   2   0        66      0       0    0     0    0    120
 -1   0   2   2   0        64      0       1    0     0    0    122
  0  -1   0   0   2        59      0     -25    0     0    0    113
  2   0   0   2   0        59      0       1    0     0    0    128
  0   1   0   1   0        57      0       0    0     0    0    125
 -1   1   2   2   2        56      0     -24    0     0    0    105
  0   1   2   2   2        54      0     -22    0     0    0    106
  1  -1   0   0   1        51      0     -27    0     0    0    102
  0   0   0   4   0        48      0       1    0     0    0    135
  1  -1   0   2   0        48      0       0    0     0    0    139
 -1   1   2   0   2        47      0     -20    0     0    0    118
  0   0   2   2   0        41      0       1    0     0    0    141
  2   1   2   0   2        40      0     -17    0     0    0    124
  2  -1   0   0   0        38      0       0    0     0    0    149
  1   1   2   0   1        36      0     -18    0     0    0    123
 -1   0   2  -2   2        36      0     -16    0     0    0    132
  2   0   2   0   0        36      0       1    0     0    0    147
  0   0   0  -1   1        33      0     -18    0     0    0    130
  1   0   2   1   2        33      0     -14    0     0    0    134
  1   0   0  -2   2        32      0     -14    0     0    0    137
  0   0   2   1   1        27      0     -14    0     0    0    136
  1   0  -2   0   1        27      0     -14    0     0    0    142
 -1  -2   0   2   0        27      0       0    0     0    0    165
  2   1   2  -2   2        25      0     -10    0     0    0    148
  1   1   2  -2   1        23      0     -12    0     0    0    144
  1   0   4  -2   2        23      0      -9    0     0    0    153
 -2   0   2   2   1        22      0     -11    0     0    0    151
 -1  -1   0   0   1        21      0     -12    0     0    0    150
  0  -2   0   2   0        21      0       0    0     0    0    176
  0   0   2   0   3        20      0       0    0     0    0    173
 -1   0   4   0   1        19      0      -9    0     0    0    158
  0   0   4   0   2        19      0      -8    0     0    0    161
  0   1   0   2   1        18      0      -9    0     0    0    156
 -2   0   0   2   2        18      0      -8    0     0    0    169
  1   0   0  -1   1        17      0      -5    0    -3    1    177
 -3   0   0   4   0        16      0       0    0     0    0    197
  1   1   2   2   2        15      0      -6    0     0    0    178
 -1  -1   0   4   0        15      0       0    0     0    0    196
  0   0   0  -2   2        13      0      -5    0     0    0    182
  0   0   4  -2   1        12      0      -7    0     0    0    175
  3   0   2  -2   1        12      0      -7    0     0    0    179
  4   0   2  -2   2        12      0       0    0     0    0    207
 -2  -1   0   4   0        12      0       0    0     0    0    211
 -2   0   0   4   1        11      0      -6    0     0    0    186
  2   0   2  -4   1        10      0      -5    0     0    0    192
  0   2   0   0   1        -9      0       5    0     0    0    188
  2   0   0   2   1        -9      0       5    0     0    0    190
  0   2  -2   2   0        -9      0       0    0     0    0    200
  0  -1   2   4   2        -9      0       0    0     0    0    201
  2  -1   2   2   2        -9      0       0    0     0    0    205
 -1   0   4  -2   2        -9      0       0    0     0    0    209
 -1  -2   2   2   2        -9      0       0    0     0    0    210
  0  -2   2   0   2        -8      0       0    0     0    0    215
  1  -1   2   2   1        -8      0       0    0     0    0    219
  2   0   0   0   2        -8      0       0    0     0    0    222
 -1   2   0   2   0        -8      0       0    0     0    0    229
 -2   0   2  -2   1        -8      0       0    0     0    0    231
 -3   0   2   0   1        -8      0       0    0     0    0    235
  1  -1   2  -2   2        -7      0       0    0     0    0    220
 -1   0  -2   4   0        -7      0       0    0     0    0    227
 -2   0   4   0   2        -7      0       0    0     0    0    232
  1   0  -2   1   0        -7      0       0    0     0    0    242
  0  -2   0   0   1        -6      0       0    0     0    0    239
  1   0   2  -3   2        -6      0       0    0     0    0    241
  2   0   2  -1   2        -6      0       0    0     0    0    245
  2  -1   2   0   1        -6      0       0    0     0    0    247
 -1  -1   2   0   1        -6      0       0    0     0    0    251
 -2   0   2   2   0        -6      0       0    0     0    0    255
  3  -1   2   0   2        -5      0       0    0     0    0    250
 -2   0   0   3   0        -5      0       0    0     0    0    253
 -2   0   0  -2   1        -5      0       0    0     0    0    254
 -2  -1   2   0   0        -5      0       0    0     0    0    256
 -2  -1   2   0   1         9      0      -5    0     0    0    171
 -1   1   2   0   1         9      0      -5    0     0    0    194
 -2   1   0   2   0         9      0       1    0    -1    0    199
  0  -1   2  -1   2         9      0       0    0     0    0    202
  4   0   0   0   0         9      0       0    0     0    0    206
 -2   1   2   0   1         9      0       0    0     0    0    234
  0   2   2  -2   1         8      0      -5    0     0    0    189
  1   0   0   4   0         8      0       0    0     0    0    216
  1   0   2   2   0         8      0       0    0     0    0    217
  1  -2   0   0   0         8      0       0    0     0    0    221
  2   1   0  -2   1         8      0       0    0     0    0    223
 -1   0   2   1   2         8      0       0    0     0    0    225
 -1   0   2   3   2         8      0       0    0     0    0    226
 -2   0  -2   2   0         8      0       0    0     0    0    233
  0   1   2   2   1         7      0       0    0     0    0    213
  0   2   2   0   2         7      0       0    0     0    0    214
  1   0   2  -4   2         7      0       0    0     0    0    218
  3   0   0   0   1         7      0       0    0     0    0    224
 -1   1   2   2   1         7      0       0    0     0    0    228
 -1  -1   2  -1   1         7      0       0    0     0    0    230
  0  -1   0   4   0         6      0       0    0     0    0    237
  1  -1   0  -2   1         6      0       0    0     0    0    244
 -2   0   0   0   2         6      0       0    0     0    0    252
 -2  -1   2   2   2         6      0       0    0     0    0    257
  0   1   0   1   1         5      0       0    0     0    0    236
  0  -1   0  -2   1         5      0       0    0     0    0    238
  1   0   2   1   1         5      0       0    0     0    0    240
  1   1   0   1   0         5      0       0    0     0    0    243
  2   1   2   0   1         5      0       0    0     0    0    246
  2  -1   2  -2   2         5      0       0    0     0    0    248
  3   0   0   2   0         5      0       0    0     0    0    249
  0   0   1   0   0         0      0       0    0     8    0    258
  0   0   1   0   1         0      0       0    0   -16  -14    258
 -1   0   1   0   0         0      0       0    0    33    0    260
 -1   0   1   0   1         0      0       0    0  -105  -89    261
 -1   0   1   0   2         0      0       0    0    36   18    262
 -1   0   1   0   3         0      0       0    0    -6    0    263
xx 1950 IAU Theory of Nutation (69 term) (Sorted for largest A terms)
xx  a2 a3 a4 a5    A      B     C     D      #
 0  0  0  0  1 -172327 -173.7 92100  9.1     1
 0  0  2 -2 -2  -12729   -1.3  5522 -2.9     8
 0  0  2  0  2   -2037   -0.2   884 -0.5    24
 0  0  0  0  2    2088    0.2  -904  0.4     2
 0  1  0  0  0    1261   -3.1     0   0      9
 0  1  2 -2  2    -497    1.2   216 -0.6    10
 0  0  2  0  1    -342   -0.4   183   0     26
 1  0  2  0  2    -261     0    113 -0.1    27
 1  0  0 -2  0    -149     0      0   0     28
 1  0  0  0  0     675    0.1     0   0     25
 0 -1  2 -2  2     214   -0.5   -93  0.3    11
 0  0  2 -2  1     124    0.1   -66   0     12
-1  0  2  0  2     114     0    -50   0     29
-1  0  0  0  1     -57     0     30   0     32
-1  0  2  2  2     -52     0     22   0     33
 1  0  2  0  1     -44     0     23   0     34
 0  0  2  2  2     -32     0     14   0     35
 2  0  2  0  2     -26     0     11   0     38
 0  0  2 -2  0     -21     0      0   0     14
 0  1  0  0  1     -15     0      8   0     16
 0  2  2 -2  2     -15    0.1     7   0     17
 1  0  0 -2  1     -13     0      7   0     42
 0 -1  0  0  1     -10     0      5   0     18
 0  0  0  2  0      60     0      0   0     30
 1  0  0  0  1      58     0    -31   0     31
-2  0  2  0  1      45     0    -24   0      3
 2  0  0 -2  0      45     0      0   0     13
 2  0  0  0  0      28     0      0   0     36
 1  0  2 -2  2      26     0    -11   0     37
 0  0  2  0  0      25     0      0   0     39
-1  0  2  0  1      19     0    -10   0     40
 0  2  0  0  0      16   -0.1     0   0     15
-1  0  0  2  1      14     0     -7   0     41
 2  0 -2  0  0      10     0      0   0      4
-1  0  2  2  1      -9     0      5   0     43
 1  1  0 -2  0      -7     0      0   0     44
 0  0  0  2  1      -6     0      3   0     47
 0 -1  2  0  2      -6     0      3   0     48
 1  0  2  2  2      -6     0      3   0     49
-2  0  0  2  1      -5     0      3   0     19
 0 -1  2 -2  1      -5     0      3   0     20
 0  0  0 -2  1      -5     0      3   0     51
 0  0  2  2  1      -5     0      3   0     52
 0 -2  2 -2  1      -4     0      2   0      5
 0  0  0  1  0      -4     0      0   0     54
 0  1  0 -2  0      -4     0      0   0     55
 2  0  2  0  1      -4     0      2   0     58
-2  0  2  0  2      -3     0      2   0      6
 1  0  0 -1  0      -3     0      0   0     23
 1  1  0  0  0      -3     0      0   0     60
 1 -1  2  0  2      -3     0      0   0     61
 1 -1  0 -1  0      -2     0      0   0      7
-2  0  0  0  1      -2     0      0   0     62
-1  0  2 -2  1      -2     0      0   0     63
-1 -1  2  2  2      -2     0      0   0     65
 0 -1  2  2  2      -2     0      0   0     66
 1  0  0  0  2      -2     0      0   0     67
 3  0  2  0  2      -2     0      0   0     69
 0  1  2  0  2       7     0     -3   0     45
 1  0  0  2  0       6     0      0   0     46
 2  0  2 -2  2       6     0     -2   0     50
 1  0  2 -2  1       5     0     -3   0     53
 2  0  0 -2  1       4     0     -2   0     21
 1 -1  0  0  0       4     0      0   0     56
 1  0 -2  0  0       4     0      0   0     57
 0  1  2 -2  1       3     0     -2   0     22
 1  0  2  0  0       3     0      0   0     58
 2  0  0  0  1       2     0      0   0     64
 1  1  2  0  2       2     0      0   0     68
